instructor_id,name,email,dept_id
1,Justin Evans,danielsemily@example.net,47
2,Alfred Cruz,ywilson@example.com,4
3,Joseph Lopez,scarter@example.com,47
4,Danielle Clarke,collinstyler@example.org,52
5,Patricia Nguyen,saraholt@example.org,2
6,Kristopher Conrad,harrisonrhonda@example.net,93
7,Kenneth Combs,vtaylor@example.org,92
8,Calvin Robbins,joanne89@example.com,100
9,John Allen,johnsonnancy@example.org,52
10,Devin Mendoza,mariahclark@example.org,25
11,Laura Rogers,bcook@example.net,98
12,Kathryn Nichols,hyoung@example.org,84
13,Lindsay Franklin,williamsandrew@example.org,66
14,Allison Coleman,burtongary@example.net,22
15,Barbara Elliott,dlopez@example.net,3
16,Lindsey Diaz,michellefuller@example.com,94
17,Ashley Graves,johnsonkelsey@example.net,59
18,Elizabeth Scott,kathy60@example.net,38
19,Harold Hanna,tharris@example.org,24
20,Miguel Olsen,steven91@example.org,83
21,Jennifer Torres,lgraham@example.com,20
22,Jordan Marquez,ryanmartin@example.net,89
23,Steven Perry,johnsonrobert@example.com,81
24,Brady Fernandez,michellemeadows@example.com,60
25,John King,vanessabutler@example.org,75
26,Michael Jimenez,lawsonlaura@example.org,10
27,Diane Hernandez,vjohnson@example.org,92
28,Lindsay Johnson,mariacrane@example.com,66
29,Linda Love,tracymartin@example.com,51
30,Joyce Robinson,catherine69@example.org,51
31,Charles Arnold,coxmark@example.net,19
32,Brandon Scott,anthonyespinoza@example.com,49
33,Sean King,sandersjessica@example.org,92
34,Kari Sims,ywilkerson@example.net,91
35,Erin Martinez,murphyashley@example.com,47
36,Victoria Bradley,collinsdiana@example.org,52
37,Cole Bennett,jeremyguzman@example.net,86
38,Kristin Novak,dwilson@example.net,4
39,Ryan Carr,holly74@example.org,18
40,John Grimes,coopermelinda@example.net,39
41,Jennifer Miller,ricardohopkins@example.com,99
42,Todd Taylor,rhonda24@example.com,51
43,Lisa Howard,hodgesjodi@example.org,32
44,Scott Mills,donald70@example.com,33
45,Tanya Rogers,george77@example.org,78
46,Roy Powell,deborahcarter@example.com,61
47,Jennifer Lane,luisdaniel@example.net,92
48,Jordan Salas,grahamjacqueline@example.net,82
49,Rodney Diaz,deborah78@example.org,34
50,Steven Diaz,williamslauren@example.org,20
51,Curtis Hall,kmarquez@example.com,40
52,Angela Weaver,samuel58@example.net,49
53,Marilyn Gutierrez,xharmon@example.com,63
54,Christine Martin,lmendez@example.com,87
55,Michael Goodwin,yrasmussen@example.org,94
56,Brittney Jones,millerrobert@example.net,37
57,Joseph Turner,bmurphy@example.com,21
58,Kurt Russell,twillis@example.com,40
59,Samantha Howard,wperez@example.net,62
60,Mr. Phillip Prince II,davidallen@example.com,76
61,Jamie Lopez,perezkevin@example.com,84
62,Lisa Watson,davisjessica@example.net,37
63,Maurice Nash,debrajohnson@example.com,68
64,Robert Holloway PhD,michael57@example.org,17
65,Kenneth Walsh,taylorbell@example.net,32
66,Robert King,donaldwalker@example.org,94
67,Erin Norton,vanessaharper@example.org,82
68,Jonathan Thomas,karen42@example.com,5
69,April Stein,fosterrobert@example.org,73
70,Kevin Adams,sarahmartin@example.org,87
71,Joshua Morgan,wrightkevin@example.net,53
72,Jackie Brennan,avega@example.net,54
73,Jessica Lloyd,troypeters@example.net,9
74,Troy Ellis,saraellis@example.com,69
75,Max Woodward,matthew62@example.org,62
76,Donald Cook,egarrison@example.org,78
77,Calvin Williams,jacksonjustin@example.net,45
78,Jessica Johnston,jennifer05@example.com,34
79,Jeffery Ashley,kathryn30@example.net,29
80,Valerie Reed,kaufmanraymond@example.com,16
81,Gina Elliott,spencerrussell@example.org,12
82,Heather Lee,wolsen@example.org,6
83,Andrew Young,markwatkins@example.org,86
84,Stefanie Rush,taylor20@example.net,69
85,Tammy Fuller,bruce05@example.net,45
86,Samuel Bauer,hansencameron@example.net,6
87,Daniel Obrien,michele95@example.org,82
88,James Schmitt,mcclainrobert@example.org,83
89,Kenneth Grimes,kelly83@example.net,88
90,Marie Herring,jacksonjohnny@example.net,11
91,Sally Valdez,marshkevin@example.org,22
92,Thomas Morrison,jonescathy@example.net,67
93,Samuel Morales,ebony55@example.com,24
94,Erin Bryant,jonesolivia@example.com,11
95,Lisa Carr,dominique62@example.com,66
96,Kayla Gray,robinsonpaul@example.com,50
97,Amber Atkinson,courtneyhernandez@example.org,83
98,Mallory Riley,debra51@example.net,5
99,Traci Phillips,davissamantha@example.com,23
100,Kathryn Harrison,kimberlyrodriguez@example.com,32
101,Diane Delgado,campbellryan@example.net,4
102,Mark Lewis,allisonnathan@example.org,30
103,Javier Long,megan47@example.com,100
104,Justin Mooney,dianaalvarado@example.com,43
105,Jonathan Adams,barnessally@example.net,64
106,Christine Adams,thomasmartinez@example.com,20
107,Kimberly Turner,traciejones@example.org,47
108,Linda Gallagher,brittanyvalenzuela@example.org,99
109,David Lee DDS,steven80@example.org,14
110,Dawn Bradley,cgomez@example.org,70
111,Tara Odom,theresaferguson@example.com,51
112,Brandon Weber,xwarren@example.net,82
113,Stephanie Barber,ybaker@example.org,11
114,Jill Smith,maynardfelicia@example.org,67
115,Elizabeth Perez,amy68@example.com,80
116,Devin Lambert,nboyle@example.com,18
117,George Mitchell,hesterwilliam@example.org,41
118,Kenneth Thompson,michael47@example.com,11
119,Amy Gomez,rduarte@example.net,26
120,Thomas White,melanieramos@example.com,12
121,Wendy Stewart,frodriguez@example.org,15
122,Marisa Hernandez,derek16@example.net,52
123,Olivia Kelley,mariopollard@example.com,13
124,Alexa Walsh,rileyjohn@example.org,39
125,Jared Riley,michael38@example.net,36
126,Margaret Espinoza,ogilbert@example.net,53
127,Brian Martinez,clarkmichelle@example.com,22
128,Kathleen Hall,thompsonlindsay@example.net,49
129,Peggy Hayes,ibryant@example.com,25
130,Matthew Burns,taylorjanet@example.com,97
131,Julia Atkinson,laurenmalone@example.org,58
132,Richard Blake,peterwarren@example.com,95
133,Karen Huff,april55@example.com,83
134,Amanda Wu,sharonbrowning@example.net,61
135,Michael Baldwin,foxrobert@example.net,74
136,Travis Perez,jbrewer@example.org,26
137,Kurt Hurley,bjones@example.net,70
138,Kurt Cain,tammy59@example.net,20
139,Kara Garza,joel30@example.com,64
140,Diana Dean,mhall@example.net,97
141,Christina Sloan,twatson@example.net,90
142,Grace Andrews,flowerslinda@example.com,24
143,Michelle Jones,ksilva@example.com,73
144,Karen Gonzalez,fbrock@example.com,23
145,Jennifer Rodriguez,tonyareid@example.net,24
146,Travis Wilson,michellefoster@example.net,62
147,Danielle Fox,kennedymegan@example.com,13
148,Steven Hart,ctorres@example.org,81
149,Miranda Johnston,robertsonerica@example.org,5
150,Melissa Robbins,michael00@example.com,71
151,Leslie Richards,lisa43@example.org,92
152,Heather Matthews,ejones@example.org,55
153,Mary Fowler,jamie32@example.org,69
154,Bobby Lucas,cannondaniel@example.org,60
155,Jackson Martin,laura79@example.net,99
156,Stephanie Reyes,kristen58@example.org,19
157,Matthew Lee,ronaldstanley@example.org,51
158,Andrew Kline,kevinholland@example.net,46
159,Kathleen Pruitt,christopher57@example.com,8
160,Joseph Ballard Jr.,susanramirez@example.net,98
161,Christopher Tran,shermanlindsay@example.net,13
162,Daniel Turner,luke52@example.org,39
163,Kendra Jones,vgonzalez@example.com,70
164,Samantha Skinner,powellheidi@example.org,10
165,Natalie Brewer,summersernest@example.org,45
166,Jeffrey Lewis,jroberts@example.org,40
167,Mrs. Sharon Morrison MD,mark79@example.org,90
168,Amanda Lopez,zperez@example.org,41
169,Jillian Hughes,gloria47@example.org,73
170,Antonio Hill,wchan@example.com,66
171,Juan Ramirez,carolbarnes@example.com,75
172,Tammy Boyd,lhuang@example.net,63
173,Valerie Gonzales,markthomas@example.org,32
174,Eddie Carpenter,nataliesilva@example.org,32
175,Jessica Alvarez,sherrirubio@example.org,32
176,Rebecca Wheeler,fserrano@example.net,76
177,Jamie Cook,princeshawn@example.net,30
178,Sean Chen,harringtonannette@example.net,5
179,Philip Anderson,carmstrong@example.com,89
180,Lisa Berry,edwardstimothy@example.com,53
181,Alexander Villegas,henrymichael@example.net,73
182,Jeremy Bridges,vmorton@example.com,61
183,Javier Rice,mitchellchristine@example.org,98
184,Carrie Martin,ugalvan@example.net,46
185,Troy Coffey,melissatorres@example.net,14
186,Sandra Owen,claytonrichmond@example.net,30
187,Sergio Peterson,dconner@example.com,63
188,Travis Young,leah16@example.com,36
189,Amy Gilbert,eric11@example.com,76
190,Michelle Henry,ehernandez@example.net,78
191,Kevin Brown,antonio98@example.net,38
192,Benjamin Cabrera,ephillips@example.net,42
193,Annette Mitchell,terriwilliamson@example.org,80
194,Brandon Collins,travissmith@example.com,16
195,Monica Carlson,ldavis@example.org,56
196,Shelley Zamora,lindamiles@example.com,18
197,Christie Taylor,danawilliams@example.com,69
198,Brian Mcclure,bsimon@example.net,66
199,Jeffrey Jackson,john83@example.com,96
200,Madeline Davis,emilybell@example.com,39
201,Jerry Holt,johnsmith@example.com,86
202,Jessica Barajas,mjohnson@example.org,47
203,Gabriel Watson,normanichols@example.com,80
204,Robert Perry,michaeldavidson@example.com,98
205,Leslie Galvan,alvarezsusan@example.com,4
206,Crystal Sanders,whitekristi@example.net,38
207,Timothy Brown,michelepeterson@example.net,27
208,Christopher Daniels,bmartin@example.org,51
209,Jason Hunt,rachelfaulkner@example.net,24
210,Julie Hebert,phillipsscott@example.org,32
211,Kristen George,rileygail@example.org,37
212,Carmen Scott,qthompson@example.com,50
213,Julia Hawkins,valerie01@example.net,98
214,Jeffrey Woods,ernest34@example.org,26
215,Julie Carter,samuelwilliams@example.com,6
216,Jesse Shelton,johnsrobin@example.com,27
217,Debbie Garcia,muellerhannah@example.org,76
218,Michael George,xortega@example.org,59
219,Danielle Howell,downsmallory@example.com,25
220,Robert Ward,rfisher@example.com,47
221,Sharon Franco,ffranklin@example.org,47
222,Robin Shannon,williamcordova@example.com,71
223,Michelle Wall,jfisher@example.org,30
224,Alison Roth,colleenmoore@example.org,72
225,Angela Rice,nelsonrachel@example.org,55
226,Brittany Serrano,christina66@example.com,82
227,John Robinson,ricky22@example.net,87
228,Samuel Taylor,sabrina35@example.org,2
229,Diane Rogers,daniel09@example.net,23
230,Nicole Bass,oramirez@example.com,86
231,Teresa Kirk DVM,elizabethmcpherson@example.com,74
232,Nicole Ibarra,vbishop@example.net,76
233,Rebecca Gaines,sara93@example.com,21
234,Jasmine Pacheco,jacksonjennifer@example.com,40
235,Ariel Owens,richardsonstephanie@example.com,54
236,Carolyn Kerr,anita50@example.com,46
237,Tony Rodriguez,jcollins@example.com,24
238,Chris Lopez,brownzachary@example.org,22
239,Sheena Newman,mooremelissa@example.net,3
240,Ann Cooper MD,jenna38@example.org,96
241,Angela Hill,jenny12@example.net,21
242,Erica Johnson,fsoto@example.com,99
243,Courtney Roman,margaretevans@example.net,97
244,Donald Kennedy,xjennings@example.com,75
245,Veronica Richards,latoyajackson@example.com,52
246,Matthew Graves,qjones@example.net,11
247,Julia Rivas,oneillsharon@example.net,49
248,Kelly Powell,sarah77@example.com,59
249,Matthew Gonzales,campbelljohn@example.com,39
250,Barbara Ray,williamhess@example.com,1
251,Arthur Fischer,oward@example.com,22
252,Keith Perkins,darleneramos@example.org,92
253,Carla Price,smithmelanie@example.net,15
254,Jenna Barber,tiffanyoliver@example.net,22
255,Michael Stone,ghensley@example.com,72
256,Anthony Chaney,jbrown@example.net,20
257,Amber Krause,carldickson@example.org,51
258,Maria Singleton,martineztracy@example.com,77
259,Marcia Hurley,rblevins@example.org,80
260,Olivia Miles,vrichardson@example.org,21
261,Sheila Gomez,christopher95@example.org,78
262,David Blevins,benjamin54@example.net,65
263,Hannah Beck,sgreene@example.com,43
264,Dr. Darren Brown,qjackson@example.net,6
265,Robert Townsend,mjones@example.com,81
266,Ian Brown,susanmedina@example.org,97
267,Eric Jones,ryan68@example.org,84
268,Marissa Parker,james78@example.net,66
269,Kim Branch,rebecca38@example.net,60
270,Rickey Whitney,russell79@example.net,76
271,Jeffrey Lopez,ehorn@example.net,26
272,Chad Hayes,riddlejessica@example.com,53
273,Bethany Rodriguez,valencialucas@example.org,10
274,Reginald Howard,elizabethpotter@example.org,72
275,Joseph Acosta,danielle91@example.net,90
276,Michelle Thompson,marcusclark@example.org,65
277,John Reyes,mark56@example.org,1
278,Mrs. Yesenia Mendoza,barry10@example.net,86
279,Stephanie Pennington,burnscory@example.org,76
280,Robert Gray,novaktroy@example.net,2
281,Thomas Frost,katie84@example.com,100
282,Sarah Williams,drhodes@example.net,41
283,Susan Walters,rcurry@example.org,79
284,Kimberly Morris,virginia78@example.org,96
285,Christopher Banks,marielynn@example.org,52
286,Keith Murphy,alison64@example.org,95
287,Kristen Hernandez,jesse28@example.org,58
288,Ashley Miller,laurajackson@example.org,65
289,Justin Charles,susan76@example.net,5
290,Christopher West,elizabeth97@example.com,11
291,Jeffrey Morse,brianmartin@example.net,36
292,Adrienne Frank,stanleykatie@example.net,49
293,Sandra Mason,kylehill@example.net,34
294,Nancy Young,carolyn08@example.org,80
295,Austin Powell,singletonandrew@example.com,60
296,Cory Carter,acarter@example.org,14
297,Brian Roberts,marywilliams@example.com,59
298,Shelley Morris,andrewburgess@example.com,34
299,Terri Hampton,huynhmatthew@example.net,21
300,Michael Johnson,lindseychristine@example.com,68
301,Stacey Allen,michaelvaldez@example.net,72
302,Patrick Brown,ucarlson@example.com,87
303,Sandra Schmidt,holdeneric@example.com,68
304,Tracey Evans,joshuarobbins@example.com,18
305,Mrs. Kellie Castillo,moranerika@example.org,27
306,Christopher Patel,joshua07@example.net,28
307,Joel Goodwin,ahicks@example.org,6
308,Danielle Brown,fraziergeorge@example.org,53
309,Kevin Lee,richardhiggins@example.net,31
310,Michelle Davis,kcortez@example.org,99
311,Kaitlyn Wilson,wilsonjames@example.org,19
312,Tiffany Shields,kelleyvictoria@example.org,58
313,Edward Burgess,smithstanley@example.net,95
314,Brittany Townsend,sarah00@example.net,25
315,Linda Taylor,anthony39@example.com,75
316,Melanie Kline,brianabbott@example.com,37
317,Joseph Martinez,kramirez@example.net,90
318,David Black,williamsjon@example.com,28
319,Daisy Smith,johnny02@example.net,48
320,Megan Jones,claytonrobert@example.org,81
321,Francisco Holland,moorejames@example.org,84
322,Kayla Garrett,padillatyler@example.com,2
323,Stephanie Crawford,walter35@example.com,33
324,Brianna Martin,scottthomas@example.net,94
325,Bruce Giles,monica75@example.net,43
326,Christine Jones,johnsonjoshua@example.net,35
327,Suzanne Frazier,raymond84@example.net,93
328,Ashley Preston,alyssavincent@example.com,89
329,Melissa Jones,deborahwarner@example.com,70
330,Keith Torres,marcusbrown@example.org,1
331,Mackenzie Williams,james02@example.com,27
332,Erin Villarreal,rhondamyers@example.com,65
333,Robert Suarez,xzimmerman@example.org,50
334,Robert Edwards,martinezryan@example.org,7
335,Mr. Matthew Aguirre,lisa63@example.net,11
336,Luis Mcgee,meagan50@example.net,2
337,Gary Willis,georgedunn@example.net,95
338,Amy Nelson,adam08@example.net,19
339,Whitney Mitchell,ujones@example.org,6
340,Thomas Allison,gloversusan@example.net,83
341,Angela Mathews,zlynch@example.com,40
342,Alicia Roman,jerryadams@example.com,24
343,Juan Alexander,stoneseth@example.com,64
344,Richard Diaz,bandrews@example.net,86
345,Anthony Owens,eileenlewis@example.org,93
346,Melissa Riley,james02@example.org,9
347,Judy Williams,robinalexander@example.com,22
348,Brian Yoder,beverlyvelasquez@example.net,47
349,Michael Randolph,hodgesmelissa@example.com,23
350,Lisa Lewis,sgarcia@example.org,78
351,Joseph Sparks,ashleygould@example.com,75
352,Todd Moore,victoriamcfarland@example.com,14
353,Traci Mendez DDS,tinavasquez@example.net,5
354,Bethany Reed,ckirby@example.org,30
355,Stephanie Torres,ybaxter@example.org,39
356,Richard Mcintosh,kirkmelissa@example.net,47
357,Cynthia Park,christophergonzales@example.org,24
358,Sarah Richards,kkelly@example.net,87
359,George Hernandez,gina83@example.com,40
360,James Walters,adam16@example.org,33
361,Joseph Hill,sydney23@example.org,55
362,Hunter Perez,camachovictoria@example.org,98
363,Mrs. Jamie Edwards PhD,bbarnes@example.com,13
364,Nancy Collins,kimberly79@example.org,16
365,Ashley Conner,fmorgan@example.com,62
366,Christopher Gonzales,kentchad@example.net,11
367,Casey Bonilla,wdecker@example.com,63
368,Larry Wells,johnperry@example.org,28
369,Paul Nichols,taylorbryan@example.net,33
370,Barbara Cooper,oliviabarber@example.com,4
371,Scott Price,johngates@example.org,18
372,Jimmy Wilcox,bsmall@example.net,91
373,Jesse Rojas,irhodes@example.org,7
374,Danielle Savage,diaztiffany@example.org,23
375,Pam Reed,amy06@example.net,27
376,Tracy Fleming,roberthayes@example.org,14
377,Karen Dawson,xcastaneda@example.com,43
378,Robin Alexander,michealcook@example.org,43
379,Amanda Sheppard,marie72@example.org,21
380,Elizabeth Peters,wendy52@example.net,83
381,Melody Williams,melissasimon@example.org,45
382,Melvin Smith,victoriahubbard@example.com,71
383,Adam Huff,rbush@example.org,80
384,Crystal Owens,ashleygonzalez@example.org,20
385,Amber Morgan,dvalentine@example.com,70
386,Kari Harris,tara17@example.org,19
387,Edward Nguyen,rhondapeterson@example.com,42
388,Victoria Anderson,kenneth08@example.net,9
389,Alicia Lawson,christinawillis@example.com,70
390,Paula Carroll,natalie33@example.com,41
391,Gabrielle Shaffer,jacobgonzales@example.net,56
392,Tony Hodges,rodrigueztheresa@example.net,18
393,Heather Ruiz,elijah31@example.net,74
394,Brandon Johnson,tina09@example.com,33
395,Mr. Jeremy Lucero,claudia07@example.org,64
396,Robert Brooks,floresjohnny@example.org,32
397,Carolyn Copeland,brenda26@example.net,30
398,Jessica Cooper,lori01@example.org,28
399,Faith Colon,santanajustin@example.com,52
400,Lauren Perkins,angelaortiz@example.com,74
401,Kim Mitchell,hawkinsmarissa@example.net,50
402,Leslie Simmons,kristinbentley@example.net,8
403,Kendra Adams,cmartinez@example.com,38
404,Michael Burton,zamorakristina@example.org,44
405,Ernest Hart,jeffery53@example.com,54
406,Neil Shepherd,ericksonchristopher@example.net,58
407,Gina Craig,orichards@example.net,62
408,Selena Rodriguez,penny91@example.org,37
409,Melissa Gray,hirwin@example.net,86
410,Amber Cook,egarcia@example.net,64
411,Michael Jones,lpaul@example.net,68
412,Mary Steele,petersonian@example.net,17
413,Jose Griffin,harry20@example.com,89
414,George Brown,jefferyfernandez@example.net,19
415,Benjamin Watson,kaylalewis@example.com,32
416,Thomas Taylor,melinda70@example.org,11
417,Rachel Schultz,albertbaker@example.com,69
418,Justin Morales,melissa26@example.net,8
419,Anita Saunders,vbowman@example.net,8
420,Pamela Smith,isabellamatthews@example.com,56
421,Mrs. Erica Perry,bray@example.org,68
422,Erica Smith,reynoldsjeremy@example.net,81
423,Johnathan Watkins,steve78@example.org,4
424,Emily Reid,brianacurtis@example.com,97
425,Hannah Smith,liutimothy@example.org,47
426,Eric Rogers,gary30@example.org,23
427,Alexis Blanchard,clarkamber@example.net,57
428,Jasmine Anderson,kelly03@example.org,36
429,Christian Romero,david33@example.org,18
430,Brittney Golden,qwyatt@example.net,90
431,Michele Rhodes,kellyjackson@example.net,61
432,Sarah Shelton,rwallace@example.net,78
433,Martin Gonzalez,matthew93@example.net,97
434,Lydia Chandler,dmartinez@example.com,16
435,Andrew Pierce,robertskelly@example.com,26
436,Jennifer Knight,grahamluis@example.net,42
437,Tiffany Hobbs,margarettaylor@example.net,55
438,Vicki Arroyo,michealbrown@example.org,29
439,Stephanie Anderson,caseyramirez@example.org,35
440,Valerie Warren,dstewart@example.net,10
441,Alison Clark,ibartlett@example.org,63
442,Jesse Barnes,bstevenson@example.org,18
443,Jeffrey Ball,sarahroberts@example.org,4
444,Nicole Taylor,brandon48@example.com,79
445,Joseph Parks,mark33@example.com,43
446,Robert Leach,crawfordrandy@example.org,48
447,Samantha Walker,zvelasquez@example.org,61
448,Ruth Owens,sarah57@example.com,90
449,Joanne Gordon,joseking@example.org,1
450,Elizabeth Jones,fergusonleonard@example.org,65
451,Jerry Ortiz,woodbrandon@example.net,74
452,Christopher Strickland,dsmith@example.com,19
453,Corey Martinez,emily32@example.com,57
454,Erin Neal,msmith@example.com,51
455,Amanda Marks,stephaniephillips@example.net,22
456,Miss Stephanie Young,vellison@example.org,50
457,Tonya Hudson,russelljacob@example.org,50
458,Gregory Mercado,martinezjennifer@example.com,56
459,Kaitlin Mack,gcamacho@example.org,43
460,Stephanie Washington,douglashurley@example.com,85
461,Timothy Ruiz,stephanie69@example.org,20
462,Joshua Finley,frankgarrett@example.org,71
463,Sean Obrien,hickmanpeter@example.net,64
464,Cassie Cooper,frances53@example.com,86
465,Melissa Lawson,wwells@example.com,68
466,Margaret Fisher,toddnicole@example.com,81
467,Mary Wilson,johnsonderrick@example.com,31
468,Mary Boyd,lukeray@example.org,57
469,David Bennett,andrew74@example.net,20
470,Kevin Medina,jessicataylor@example.org,15
471,Madison Conway,dawn69@example.net,60
472,Mary Johnson,nancy39@example.com,20
473,Alvin Holland,moodytiffany@example.org,9
474,Mitchell Williams,woodjames@example.com,44
475,Deborah Williams,edward10@example.org,85
476,Rebecca Charles,grantdavid@example.org,4
477,Mr. Michael Hopkins DDS,jamesmorgan@example.org,76
478,Michelle Walters,briannastevens@example.org,99
479,Sylvia Williams,mcgeejustin@example.net,51
480,Andrew Thompson,owarren@example.org,68
481,Melissa Yu,william70@example.org,77
482,Stacy Olsen,davidcastillo@example.net,61
483,Carol Miller,rachel78@example.net,37
484,Felicia Mullins,thomasschultz@example.com,82
485,Michael Foster,sarah56@example.com,36
486,Melissa Carson,jdiaz@example.com,62
487,Philip Stewart,howellgeorge@example.com,94
488,Edward Randolph,allisonbrown@example.org,40
489,Jonathan Farley,emilydavidson@example.com,57
490,Jennifer Olson,martinrobert@example.net,71
491,Alejandro Reed,ramirezdouglas@example.net,84
492,Mark Jones,dduncan@example.com,14
493,Rhonda Campbell,jensenkellie@example.net,7
494,Timothy Salinas,harringtonjulia@example.net,92
495,Brian Harris,wilsonstephanie@example.net,83
496,Mark Bailey,glennjames@example.net,78
497,Patricia Hendricks,allenjocelyn@example.com,27
498,Chad Garcia,walkerjessica@example.com,18
499,Michael Manning,jason60@example.net,52
500,Kevin Wallace,wilsonjames@example.net,94
501,Tiffany Hicks,kyle69@example.com,77
502,James Holland,dennisodonnell@example.com,3
503,Tina Arnold,briannguyen@example.net,79
504,Brianna Pierce,cassidypope@example.org,23
505,Sarah Johnson,nknight@example.com,52
506,Michael Larson,hdaniels@example.org,98
507,Tonya Owens,james62@example.net,4
508,Tammy Petty,petersonkristen@example.com,67
509,Kimberly Shaffer,parkgregory@example.com,13
510,Alyssa Walton,oshaw@example.net,94
511,Deborah Gonzalez,bryan93@example.com,14
512,Michael Martin,hayden81@example.org,15
513,Thomas Chung,dennis50@example.com,21
514,Lauren Wright,yestrada@example.org,53
515,Andrew Huynh,robertdickson@example.org,51
516,Robert Frey,joshua87@example.org,20
517,Hailey Foster,vhernandez@example.com,78
518,Samuel Mitchell,josepholiver@example.net,98
519,Anthony Medina,ulawson@example.com,8
520,Matthew Huang,steelekyle@example.com,63
521,Jacqueline Estes,akim@example.org,37
522,Sharon Jackson,christopher82@example.com,98
523,James Hernandez,sstrong@example.org,13
524,Rebecca White,taylorbobby@example.org,96
525,Emma Drake,powen@example.org,15
526,Meagan Carter,johnsonmiguel@example.org,69
527,John Taylor,ericlane@example.com,47
528,Megan Williamson,salazarjennifer@example.org,21
529,Jeffrey Moore,beth44@example.net,65
530,Emily Edwards,robertskelly@example.net,3
531,Renee Garcia,rochasarah@example.com,28
532,Shannon Montoya,allenbrian@example.org,35
533,Rebecca Morse,kristenelliott@example.org,1
534,Shelley Perez,anthonyfranklin@example.com,38
535,Phillip Ray,brettcopeland@example.org,39
536,Eric Wood,ljohnson@example.org,65
537,Marcus Buckley,chavezdavid@example.com,45
538,Linda Henry,raymond52@example.net,17
539,Kenneth Ford,mjones@example.net,55
540,Joy Nelson,stewartchelsea@example.com,1
541,Charles Hester,carrollandrew@example.net,8
542,Jason Preston,nielsenrobert@example.net,40
543,Jennifer Andrews,hharrington@example.org,17
544,Nicole Mccarty,lindsaykane@example.org,76
545,Tracy Lewis,brandonwilson@example.org,44
546,Renee Flores,thess@example.org,62
547,Ronald Sullivan,matthewcox@example.org,27
548,Leslie Anderson,raymond76@example.net,8
549,Grace Hunter,yjones@example.com,34
550,Michael Rojas,phillipswesley@example.net,79
551,Adam Wallace,bespinoza@example.net,24
552,Charles Jones,santosstacy@example.com,46
553,Nicholas Case,ericvaughn@example.com,1
554,Rose Santos,sbullock@example.net,77
555,Meghan Johnson,waremindy@example.com,59
556,Paula Jordan,jennifer08@example.net,8
557,Sharon Schneider,april93@example.net,62
558,Lauren Little,ndavis@example.net,76
559,Dr. Brian Harris,stacy88@example.com,53
560,Ashley Russo,robertsjennifer@example.com,96
561,Carolyn Williams,jessicabaker@example.com,43
562,Michelle Cantrell,zunigaconnie@example.org,21
563,Michele Hunt,brandonholland@example.net,21
564,Christian Sampson,justin90@example.org,14
565,Robert Guerra,lawrence32@example.net,81
566,Tina Brown,marshmariah@example.net,50
567,Linda Rojas,benjamin70@example.com,33
568,Derek Moreno,grantcook@example.net,56
569,Sarah Lawson,cassandralester@example.org,66
570,Vincent Gallegos,perezdonna@example.org,51
571,Christine Turner,anna39@example.net,52
572,Sarah Suarez,kimberlytaylor@example.net,36
573,Corey Smith,forderic@example.net,80
574,Erika Perez,kayleegould@example.org,7
575,Corey Long,john70@example.net,99
576,Tamara Sims,jesus34@example.com,1
577,Brittany Williamson,dcox@example.org,99
578,Amy Martin,campbelljoshua@example.com,26
579,Martha Flores,thomasmichael@example.com,3
580,Alex Roberts,ksoto@example.org,25
581,Joy Smith,nmedina@example.com,56
582,Michelle Harris,ycox@example.org,69
583,Bill Mueller,mendozasean@example.com,47
584,Timothy Holt,micheledavis@example.net,37
585,Tina Hernandez,andersonchristina@example.org,38
586,Brittany Moon,parrishbrian@example.net,4
587,Cathy Lamb,tcardenas@example.com,18
588,Mario Gomez,cindymartin@example.net,93
589,Jose Parker,debbie05@example.org,53
590,Stephanie Skinner,erik57@example.net,47
591,Valerie Duncan,michael08@example.com,21
592,Morgan Pollard,pacejoseph@example.com,19
593,Melissa Miller,stevensnatalie@example.com,75
594,Chelsea Reynolds DVM,kerryhernandez@example.net,3
595,Robert Morrison,cdavis@example.com,80
596,Stephanie Long,bradleyamanda@example.org,6
597,Ryan Miller,xwood@example.org,42
598,Beth Ayers,chase18@example.net,6
599,Steve Simmons,jim37@example.net,98
600,Valerie Huynh,nathan85@example.net,54
601,Eddie Mann,randyarias@example.org,34
602,Nicholas Humphrey,paige58@example.org,55
603,Megan Martinez,abigailcain@example.com,90
604,Christopher Green,diazbrian@example.net,58
605,Ryan Gomez,carolyn04@example.net,21
606,Samuel Reid,amanda06@example.org,3
607,Beverly Smith,gabriellefuller@example.org,55
608,Lauren Johnson,steven86@example.com,83
609,Paul Escobar,friedmankurt@example.com,84
610,Charles Valencia,keithwarren@example.net,86
611,Michelle Chandler,loweedward@example.net,88
612,Erica Stevenson,sarajones@example.org,54
613,Mark Cuevas,brobinson@example.org,65
614,Aaron Cabrera,shawnestrada@example.net,14
615,Angel Williams,dawn11@example.org,13
616,Nicholas Gomez,gomezjennifer@example.net,74
617,Robert Cain,tannergarcia@example.org,1
618,Allison Wood,thomasandrea@example.com,86
619,Justin Gonzales,carrie72@example.org,59
620,Katrina Sexton,cheryl74@example.com,3
621,Jeffrey Perry,mguerra@example.com,42
622,Sherri Fischer,russellangela@example.net,39
623,Rachel Snyder,warrenanthony@example.org,17
624,Mr. Daniel Curtis,knoxjody@example.net,40
625,Joshua Porter,rebeccawright@example.net,42
626,Maurice Green,xgray@example.com,47
627,Antonio Henry,dgutierrez@example.com,69
628,Sean Colon,hartmanpatrick@example.org,15
629,Robert Williams,diane17@example.com,83
630,Travis Perkins,michael18@example.com,41
631,Bruce Adams,boyeradam@example.com,5
632,William Guerra,adrianaglenn@example.org,90
633,Andrew Williams,nlong@example.net,33
634,Cory Johnson,brittanylee@example.com,98
635,Mason Farmer,hardinbrian@example.net,100
636,Susan Howard,scott22@example.net,30
637,Jennifer Armstrong,margaret19@example.com,89
638,Nathaniel Kelly,tfrench@example.net,8
639,Reginald Williams,meganmanning@example.com,21
640,Paul Alexander,wmeyer@example.com,62
641,Raymond Johnson,websterjeff@example.net,52
642,Robert Austin,shannon24@example.com,60
643,Roy Taylor,gavinthomas@example.net,1
644,Hailey Sanchez,ccharles@example.com,17
645,William Mckenzie,elizabeth70@example.net,66
646,Suzanne Harris,smithdouglas@example.net,65
647,Daniel Alvarez,juanwashington@example.com,22
648,Mary Davis,margaret96@example.com,30
649,Vanessa Butler,yolanda68@example.org,89
650,Antonio Bishop,marc07@example.org,16
651,Nathan Franklin,joshuadillon@example.com,20
652,William Villarreal,fhays@example.net,28
653,Brian Ross,michelle72@example.org,9
654,Annette Fernandez,coxjoseph@example.net,83
655,Lisa Zamora,rita45@example.org,6
656,Elizabeth Choi,kelly13@example.com,82
657,Jenna Rivera,martinezmichael@example.com,66
658,Karla Bond,jeffery66@example.net,29
659,Robert Olson,bwalker@example.net,7
660,David Gomez,abaker@example.com,46
661,Suzanne Schaefer,michaellopez@example.com,70
662,Nicole Scott,julie04@example.com,3
663,Kent Mcdaniel,crystalbryant@example.com,6
664,Melanie Williams,johnlopez@example.org,38
665,Brandi Bailey,vhunt@example.org,15
666,Aaron Butler,zwyatt@example.org,17
667,Micheal Robertson Jr.,grahamralph@example.net,82
668,Trevor Mendoza MD,alyssa46@example.com,74
669,Mr. Derrick Allen,dickersonwayne@example.com,95
670,Mark Crawford,combswilliam@example.net,7
671,David Drake,rickyterry@example.org,55
672,Michael Rodriguez,nguyensarah@example.net,7
673,Larry Moyer,williamsrenee@example.org,36
674,Taylor James,cooperdavid@example.org,15
675,Christy Cunningham,schen@example.net,76
676,James Garrison,robert48@example.net,77
677,Paula Hood,nhill@example.org,9
678,Vincent Maxwell,watsonanthony@example.net,100
679,Lisa Adams,timothyjohnson@example.org,19
680,Brandon Castillo,michael22@example.net,92
681,Elizabeth Dunn,elaine78@example.org,8
682,Michele Hensley,maryashley@example.net,15
683,Michelle Young,robertwilson@example.org,24
684,Crystal Henry,ericasanchez@example.com,48
685,Monica Nicholson,maldonadobeverly@example.com,4
686,Jamie Garcia,rodrigueztodd@example.com,94
687,David Hudson,mclaughlinsarah@example.org,76
688,John Lam,wdillon@example.org,11
689,Kevin Richardson,nicholasdiaz@example.net,52
690,Lisa Taylor,williamjohnson@example.org,98
691,Troy Cook,brianna48@example.net,39
692,Charles Williams,sosadebra@example.org,43
693,Patrick Adams,sarias@example.org,43
694,Sylvia Mann,cathy73@example.org,54
695,Sarah Morgan,millerchristopher@example.net,76
696,Christopher Hampton,stacy16@example.org,82
697,Michael Casey,anichols@example.net,69
698,Dylan Finley,xsoto@example.org,29
699,Kimberly Dawson,kendrafreeman@example.org,34
700,Douglas Brown,kristen98@example.com,98
701,Jacqueline Jenkins,diana33@example.com,86
702,Laura Mills,justinzimmerman@example.net,28
703,Amber Raymond,meghan02@example.net,70
704,Barry Cole,jordandean@example.org,95
705,Amy Miller,isaacglover@example.net,80
706,Joy Myers,smithdavid@example.com,35
707,Lisa Campbell,wrightlori@example.net,71
708,Breanna Doyle,chase51@example.net,41
709,Laura Watson,dreese@example.org,97
710,Felicia Harvey,danielcruz@example.net,26
711,Edward Ward,gonzalesfrank@example.net,10
712,Glenn Martinez,janetharvey@example.org,33
713,Phillip Jackson,kaitlynglover@example.org,78
714,Gregory Friedman,cgreen@example.net,78
715,Peter Green,reneephillips@example.org,87
716,Sarah Yates,henryruiz@example.com,52
717,Ana Reynolds,monica24@example.com,28
718,Margaret Allen,mary72@example.net,3
719,Calvin Luna,smithkathy@example.com,62
720,Justin Wu,hannah24@example.org,64
721,Douglas James,conleymelanie@example.com,71
722,Nathan French,kellyhernandez@example.org,93
723,Jonathan Smith,abbottjoshua@example.net,82
724,Marcus Turner,beth08@example.com,88
725,Lori Castaneda,eric55@example.org,10
726,Dylan Harvey,lcowan@example.org,5
727,Ms. Melissa Miller,anthonyheath@example.com,66
728,Sara Hicks,hobbsdonald@example.com,5
729,Charles Schneider,christopher47@example.net,86
730,Mark Caldwell,stephanieprice@example.net,37
731,Casey Robbins,bwillis@example.net,27
732,Dr. Richard Medina,janeadams@example.com,31
733,Deanna Munoz,dmiller@example.org,61
734,Bill Higgins,rodriguezmichael@example.net,20
735,Kara Williams,andreamathews@example.net,91
736,Laurie Jones,julie78@example.net,31
737,Melissa Jenkins,phillipssabrina@example.org,94
738,Henry Ruiz,monicahaas@example.com,70
739,Gabriella Le,scott21@example.org,76
740,Ashley Zimmerman,angela87@example.net,77
741,Sandra Caldwell,qrussell@example.com,64
742,Michael Wu,dustinclark@example.com,32
743,Sandra Campbell,tromero@example.org,93
744,Brooke Ramirez,glarson@example.net,7
745,Heather Ellis,kathrynguerra@example.org,42
746,Ryan Brock,shawn07@example.com,39
747,Eric Smith,randall97@example.net,12
748,Dr. Anthony Carey,ruizjonathan@example.net,42
749,Kristen Gonzalez,feliciamanning@example.org,6
750,Matthew Shannon,gregory26@example.net,50
751,Jamie White,bruceshea@example.net,48
752,Amanda Holmes,lisa72@example.net,53
753,Carrie Brooks,justin69@example.org,28
754,Benjamin Martinez,ruizraymond@example.org,8
755,Cynthia Garcia,gabriel09@example.com,46
756,Susan Chan,tracy81@example.net,49
757,Reginald Ramos,rortiz@example.org,38
758,Katie Dunn,sheltonbrandi@example.org,90
759,Michael Brown,toddwalker@example.net,32
760,Pamela Acosta,kthomas@example.com,45
761,Robert Summers,wayne83@example.org,15
762,Joan Barber,inorman@example.org,91
763,Jared Phillips,robert01@example.org,91
764,Ivan Orr,megan44@example.org,46
765,Melissa Rodriguez,steven96@example.net,42
766,Matthew Jackson,susancordova@example.com,93
767,Jacob Rojas,jespinoza@example.org,72
768,Samantha Irwin,kflores@example.com,31
769,Amy Schroeder,hamiltonsean@example.net,87
770,Michael Page,hendersonsamantha@example.com,55
771,Emily Lewis,daniel71@example.org,99
772,Emily Gomez,tanya54@example.org,20
773,Michael Acosta,jacquelinegiles@example.org,9
774,Sandra Johnson,andrephillips@example.com,66
775,Curtis Hoover,haley12@example.net,15
776,Douglas Jones,butlerdale@example.org,29
777,John White,jeremymclean@example.com,75
778,Jordan Wilkins,molinaashley@example.org,39
779,Ryan Gray,donaldherring@example.org,87
780,Donna Bell,jgonzalez@example.net,54
781,Chelsea Larson,carrie98@example.org,48
782,Barbara Lowery,cathy20@example.org,21
783,Yvette Collier,sharon74@example.net,92
784,Aaron Nelson,tylergrant@example.org,11
785,Charles Pierce,gillolivia@example.com,32
786,Sandra Coleman,brian64@example.net,39
787,Scott Anderson,kmccall@example.org,7
788,Justin Anderson,john43@example.com,100
789,Sophia Bright,jeffreywinters@example.com,95
790,Cynthia Romero,michael64@example.net,83
791,Alicia Smith,campbelltimothy@example.net,9
792,Robin Wells,ritteremily@example.com,19
793,Brenda Cook,jessicabeasley@example.net,50
794,Dylan Cortez,caldwellshelley@example.org,42
795,Clayton Davis,barnesevan@example.com,24
796,Patricia Jacobs,nicholaskline@example.net,8
797,Cynthia Sampson,qreed@example.org,43
798,Vanessa Jacobson PhD,baileynicole@example.net,21
799,Lynn Love,colemanemily@example.net,70
800,Julie Forbes,carlosmcmahon@example.org,78
801,Benjamin Allen,allisondiaz@example.com,61
802,Paul Galloway,smoon@example.net,38
803,Robert Simpson,ronald65@example.org,74
804,Cassandra Chavez,kristen30@example.org,43
805,Samantha Fisher,qward@example.org,57
806,Andrew Hernandez,christianwilson@example.net,93
807,John Martinez,nicholasthomas@example.net,28
808,Joel Brown,elliottkelly@example.net,4
809,Diana Young,margaret61@example.com,14
810,Jesus King,elliottalejandro@example.com,97
811,Gregory Farrell,torresjoseph@example.com,91
812,James Little,katherinejackson@example.org,30
813,Curtis Potter,lbrown@example.org,62
814,Stephanie Parker,ssherman@example.org,8
815,Miranda Ashley,kgibson@example.net,67
816,Sonya Walters,anthonyjulie@example.org,58
817,Brenda White,davisemily@example.com,9
818,Robert Ruiz,oconnellmark@example.org,60
819,Joshua Wong,aschneider@example.net,15
820,Alexis Bonilla,peggyfernandez@example.net,12
821,Sheena Pope,showell@example.net,30
822,Matthew Robinson,jmurphy@example.com,25
823,Brenda Spencer,sotomolly@example.net,52
824,Michelle Brennan,weberjoseph@example.com,20
825,Kristen Luna,pamela40@example.net,54
826,Jeremy Stein,hicksjoseph@example.org,85
827,Mr. Travis Church DDS,smiller@example.net,99
828,Bradley Schwartz,hughesmichael@example.net,39
829,Heather Burns,bgregory@example.org,79
830,Karen Hardin,ryananderson@example.net,45
831,Randy Mann,ocole@example.net,79
832,Doris Peterson,brady05@example.com,21
833,Nicholas Page,macdonaldneil@example.net,30
834,Tammy Marshall,foxkerri@example.net,91
835,Aaron Dyer,nicole99@example.com,16
836,Alyssa Vincent,richard70@example.org,86
837,Andrew Smith,christopher84@example.org,13
838,Amy Griffin,robertfleming@example.org,70
839,Dale Thompson,anthonyhernandez@example.net,5
840,Paul Howard,rayfrank@example.net,68
841,Anita Butler,adam41@example.net,73
842,Bradley Sanders,amanda49@example.org,30
843,Ashley Hansen,pittsbryan@example.net,65
844,Michael Waters,shirleydaniel@example.com,87
845,Brandon Gonzalez,ocruz@example.net,26
846,Wesley Valentine,marc54@example.net,80
847,John Powell,jessicamaxwell@example.org,55
848,Alison Carpenter,misty36@example.net,57
849,Michelle Dixon,tonya56@example.org,31
850,Claudia Pierce,paigelong@example.org,93
851,Amanda Cox,nmartin@example.net,58
852,Phillip Mcdowell,sreynolds@example.net,25
853,Sarah Odonnell,rwilliams@example.org,50
854,Terry Smith,lwilson@example.com,23
855,Barbara Smith,dana57@example.org,10
856,Justin Noble,gramirez@example.com,84
857,Brianna Wiley,jessicarobinson@example.com,1
858,Nicole Mcconnell,oirwin@example.net,85
859,Meredith Jackson,lchurch@example.net,38
860,Kimberly Perez,fmann@example.com,6
861,Anna Bryant,nunezjon@example.net,50
862,Dakota Hernandez,debra89@example.com,19
863,Alex Simmons,reynoldssamantha@example.net,80
864,Erik Turner,fperry@example.org,13
865,Amy Campbell,natalie21@example.net,49
866,Russell Mccormick,matthewmccarthy@example.net,32
867,Helen Trujillo,joan36@example.org,73
868,Megan Wallace,lcompton@example.org,31
869,Heather Arnold,urogers@example.org,32
870,Nathan Contreras,bowmanrachel@example.net,5
871,Benjamin Zhang,brent48@example.net,60
872,Alexander Hogan PhD,ruizdana@example.net,36
873,Lisa Santiago,johnsolis@example.com,4
874,Gloria Allen,connerlori@example.org,8
875,Monica Jones,washingtonjohn@example.net,39
876,Patrick Riley,noblebrett@example.org,86
877,Joe Cooper,jasonwilliams@example.com,96
878,Charles Marks,wilsonmadeline@example.org,73
879,Kevin Joyce DDS,orogers@example.org,32
880,Adam Schneider,dillon71@example.com,60
881,Dylan Powers,april00@example.org,55
882,Tyler Nguyen,stantonmackenzie@example.com,95
883,Christine Carr,nicole57@example.com,31
884,James Bell,hjones@example.org,49
885,David Ruiz,jessicastanley@example.org,80
886,Mark Giles,gbrown@example.com,12
887,Brian Lane,jenniferdavis@example.net,77
888,Gary Bonilla,ebradshaw@example.net,42
889,Elizabeth Herrera,melissahoward@example.com,1
890,Alan Booth,lwalker@example.org,88
891,Jose Adkins,riverastephanie@example.com,46
892,Tammy Evans,mfitzgerald@example.com,99
893,Jacob Mendoza,cnguyen@example.net,39
894,Marc Williams,wilsonjessica@example.org,60
895,Melissa Martin MD,qcastro@example.com,40
896,Chelsea Ramirez,elizabeth28@example.org,100
897,Yesenia Friedman,evanstina@example.net,85
898,Theresa Herrera,kathrynwaters@example.org,36
899,James Clark,hernandezjames@example.com,66
900,Elizabeth Bautista,debrablackburn@example.com,56
901,Jacqueline Mata,keithreyes@example.com,9
902,Bryan Thompson,otrevino@example.org,88
903,Kimberly Riley,christinescott@example.org,84
904,Katelyn Lee,dixonjulie@example.com,72
905,Dennis Evans,lewisshelby@example.com,52
906,Eric Gregory,blakecarter@example.com,17
907,Dennis Powers,xwatson@example.net,11
908,Dana Williamson,kblair@example.org,17
909,Shari Harrington,rwilson@example.net,45
910,Claudia Harding,natalie06@example.net,22
911,Cody Stanton,myersjennifer@example.com,93
912,Crystal Benson,gordon31@example.org,65
913,Thomas Wilkinson,melissadavenport@example.com,27
914,Mark Thomas,kyle68@example.org,56
915,Jeffrey Monroe,zjohnson@example.org,4
916,Wayne Robinson,jennifershepherd@example.com,53
917,Kevin Hensley,keithvillarreal@example.com,47
918,Virginia Jones,sarahyoung@example.com,34
919,Karen Mitchell,emily37@example.net,54
920,Mrs. Laurie Adams DDS,kmoss@example.net,12
921,Nicholas Schultz,olivercharles@example.org,7
922,Phyllis Jensen,whitewilliam@example.net,93
923,Michael Santiago,sestes@example.com,88
924,Christopher Carlson,ygriffin@example.com,30
925,James Wilcox,gabrielle72@example.net,33
926,Thomas Ramos,nicholas38@example.net,39
927,Anthony Stephens,josegaines@example.com,25
928,Christopher Jordan,gclark@example.net,75
929,Holly Oliver,james45@example.org,69
930,Robert Smith,robertconner@example.net,60
931,Sergio Neal,sharonsmith@example.com,16
932,Miguel Scott,markgarza@example.net,91
933,Eddie Stuart,hsmith@example.org,43
934,Timothy Cole,gsmith@example.net,38
935,Clinton Gutierrez,amandaabbott@example.com,58
936,Austin Turner,jenny38@example.net,78
937,Kevin Gonzales,marcus67@example.com,64
938,Joseph Wallace,jenna77@example.org,28
939,Matthew Walsh,uferguson@example.com,12
940,Michaela Hernandez,hernandezthomas@example.net,70
941,Vicki Boyer,gwilson@example.com,4
942,Carl Johnson,samanthastuart@example.com,38
943,Raymond Carney,fowlerrandy@example.org,63
944,Ryan Walter,joshuahart@example.com,30
945,Ronald Vargas,whitesandra@example.net,86
946,Luis Mccormick,tfinley@example.net,4
947,Carol Reyes,barrymatthew@example.net,52
948,Kenneth Jackson,scottcharles@example.net,22
949,Jessica Watkins,opatel@example.com,29
950,Sheena Curry,ycollins@example.org,97
951,Christopher Smith,lynnrichard@example.net,97
952,Mary Horton,maria28@example.net,85
953,Anita Lewis,patriciasimpson@example.com,94
954,Sarah Jenkins,joshua80@example.com,9
955,Melissa Kent,james36@example.org,26
956,George Bradley,franksloan@example.org,85
957,Meghan Reyes,earlweaver@example.org,2
958,Elizabeth Watson,olyons@example.org,52
959,Christopher Campos,urosales@example.com,20
960,Keith Bishop,perkinschristopher@example.net,49
961,Jacqueline David,annazamora@example.org,73
962,Christy Lee,randylyons@example.com,74
963,John Smith,xoliver@example.net,90
964,Seth Briggs,fishervincent@example.org,2
965,Joshua Coffey,brian83@example.org,65
966,Shelly Jones,whitejennifer@example.org,38
967,Stacey Campbell,christy19@example.org,65
968,Mary Campbell,chris28@example.org,47
969,Aaron Johnson,stephaniemayer@example.org,50
970,Lynn Curtis,davisbruce@example.net,12
971,Wendy Hoffman,sheila45@example.net,16
972,Justin Gray,villegasbrandi@example.org,6
973,Andrew Rogers,amandaross@example.net,28
974,Derek Hughes Jr.,shannonsampson@example.com,93
975,Robert Lopez,arthurvelasquez@example.com,32
976,James Barton,mario57@example.net,99
977,Christina Rivera,ismith@example.org,18
978,William Porter,tiffany53@example.org,40
979,Timothy Doyle,carolynferguson@example.net,79
980,Scott Lee,tthomas@example.com,42
981,Amanda Murray,blake30@example.net,30
982,Andrew Miller,qthomas@example.com,90
983,Ashley Hood,richardmartinez@example.com,76
984,Kevin Johnson,youngangela@example.com,1
985,Julia Herrera,ymurphy@example.net,23
986,Jeremy Cook,jennymorrison@example.com,66
987,Carlos Watson,qspencer@example.net,16
988,Carlos Lloyd,carrgregory@example.org,26
989,Michael Moore,cynthiayoung@example.org,77
990,Jacqueline Young,denisewall@example.net,89
991,Dominic Bender,jharrison@example.org,18
992,Ethan Smith,karennguyen@example.net,57
993,Eric Banks,kbennett@example.org,2
994,Elizabeth Green,shawnmorris@example.org,25
995,Douglas Mcdaniel,sarahpalmer@example.com,43
996,Jeffrey Williams,romeropatrick@example.org,40
997,Hannah Sloan,dixonkathleen@example.net,44
998,Thomas Morales,jthomas@example.org,28
999,Jack Keller,kellyfernandez@example.org,48
1000,Peter Dawson,preston50@example.com,21
