instructor_id,name,email,department_id
1,Allen Cline,seanowen@example.org,88
2,Melissa Davis,cmckay@example.net,65
3,Riley Hodges,jennifer68@example.com,35
4,Jackson Gaines,qlang@example.com,4
5,Morgan Foster,oharris@example.com,29
6,Lisa Alvarez,mcgrathveronica@example.com,54
7,Ryan Mcmahon,nmorris@example.com,31
8,Dean Burke,leejuan@example.com,85
9,Beth Cooper,carlpaul@example.com,38
10,Mrs. Lisa Pitts MD,arnoldmichelle@example.net,98
11,John Manning,mosesconnie@example.net,21
12,Richard Snyder,jacksonsampson@example.org,81
13,Mary Richard,jonathan94@example.org,31
14,Terry Hinton,robert33@example.com,78
15,Tiffany Miller,theodore15@example.org,77
16,Daniel Rice,jonesdavid@example.org,55
17,Christina Villanueva,morriskevin@example.net,60
18,Angel Preston,nhart@example.net,37
19,Miss Rebecca Wilcox,lisaclark@example.com,78
20,Regina Brown,heather33@example.org,48
21,Joseph Romero,radams@example.net,50
22,Daniel Davis,kaufmanrebekah@example.org,26
23,Jimmy Butler,savannahpotter@example.net,21
24,Robin Benjamin,adam56@example.com,98
25,Tiffany Sweeney,williamsgabrielle@example.net,79
26,Patrick Berger,martin48@example.net,84
27,Ryan Acevedo,gonzalesmary@example.com,6
28,Mark Oconnell,jenniferblackburn@example.com,14
29,Susan Holmes,brownshelia@example.com,81
30,William Allen,vayers@example.org,35
31,Monica Hamilton,qanderson@example.net,97
32,Allen Rich,pamela65@example.net,73
33,Robert Harmon MD,kingmichelle@example.org,77
34,David Gilmore,petersentraci@example.net,88
35,Maria Calderon,mpowell@example.com,15
36,Caitlin Reid,george95@example.com,95
37,Henry Ramos,wgonzalez@example.com,65
38,Zachary Hunt,rjackson@example.org,70
39,Michael Miller,tony31@example.com,39
40,Sharon Wise,kcarey@example.org,18
41,Logan Burke,ramosjennifer@example.org,65
42,Raymond Tate,kimberly81@example.com,26
43,Victoria Williams,millercheryl@example.net,63
44,Melinda Russell,bellrandy@example.net,14
45,Brandi Stark,ericjohnson@example.net,87
46,Destiny Donovan,gregory72@example.com,82
47,Joseph Trevino,patricksimon@example.com,44
48,Laura Owens,gcampos@example.org,87
49,Alyssa Carlson,lrodriguez@example.org,39
50,Stephanie Jackson,heidi22@example.org,17
51,Alexis Malone,ronaldshaffer@example.com,87
52,Judy Bradshaw,robertsanthony@example.com,65
53,Phillip Kirby,gary87@example.com,85
54,Suzanne Bailey,elyons@example.net,39
55,William Lewis,mirandasweeney@example.com,50
56,Antonio Mann,omeyer@example.net,24
57,Debra Obrien,mcruz@example.net,1
58,Debra Johnson,brenda34@example.com,3
59,Stacy Thompson,davisbianca@example.com,40
60,Kenneth Nicholson,bshelton@example.com,14
61,Larry Allen,donnarocha@example.net,23
62,Dan Long,curtis67@example.net,62
63,Terri Morris,roybradford@example.net,58
64,Elizabeth Dodson,melissawiley@example.org,61
65,Brandi Hodges,sscott@example.com,40
66,James Daniels,nataliecollier@example.com,33
67,Steven Green,victoriamason@example.org,63
68,Hannah Edwards,barbarajones@example.org,41
69,Matthew Wood,katherine22@example.org,31
70,Jeremy Garza,smithlawrence@example.com,30
71,Andrea Howe,mcbrideeric@example.net,50
72,Connor Combs,michael23@example.org,31
73,Brianna Davis,gallowaymichael@example.com,21
74,Jason Stewart,lisa98@example.org,98
75,Michael Scott,thomaschristopher@example.net,95
76,Debra Hansen,sethgarcia@example.com,31
77,Monica Reeves,nicholas89@example.org,99
78,Scott Bell,vernon31@example.org,35
79,Dr. Charles Salinas MD,hlewis@example.org,77
80,Daniel Richmond,espinozakenneth@example.com,78
81,Tyrone Carter,xsloan@example.com,86
82,Brian Frye,zmiller@example.com,79
83,Craig Hanna,cynthia69@example.net,11
84,Cody Pierce,nmiller@example.com,91
85,Kristopher Jarvis,rellis@example.org,67
86,Kim Mcbride,tuckeranthony@example.net,68
87,David Odom,woodssara@example.org,80
88,Douglas Hoover,dhill@example.com,38
89,Wendy Rodriguez,michaelbecker@example.org,67
90,Daniel Watson,uhernandez@example.com,83
91,Leah Paul,porterbrian@example.com,6
92,Tyler Leblanc,amytaylor@example.com,15
93,Chloe Jordan,tylerfitzgerald@example.com,78
94,Alex Mcintyre,brent15@example.net,63
95,Brenda Jimenez,jasonfletcher@example.net,10
96,George Scott,ajones@example.com,62
97,Lisa Dyer,smalone@example.org,7
98,Mark Dunn,dixonjennifer@example.org,13
99,Cindy Rose,lauraadams@example.net,10
100,Deanna Kelly,michael24@example.com,22
101,Matthew Bartlett,gonzalezsamantha@example.com,66
102,Kimberly Reynolds,martinjoan@example.net,15
103,Brian Bailey,millerdenise@example.org,26
104,Dawn Ward,joseph99@example.com,5
105,Patrick Schultz,ashley37@example.net,27
106,Catherine Anderson,kaylakelly@example.net,42
107,Wesley Daniels,danielduncan@example.net,23
108,Marcus Campbell,richardbaker@example.org,72
109,Nicholas Ward,meyermichael@example.org,35
110,Christopher Hoffman,dianavaldez@example.com,46
111,Danielle Payne,gramsey@example.net,43
112,Jacob Murray,jennifer32@example.com,73
113,Herbert Gillespie,edward22@example.com,37
114,Denise Curtis,alexandergray@example.com,48
115,Donald Day,brownsusan@example.com,92
116,Jessica Peters,rachelbaker@example.com,21
117,Priscilla Smith,lauren33@example.net,1
118,Julie Jackson,awheeler@example.net,52
119,Tina Baker,dlowe@example.net,12
120,Stephanie Osborn,amber94@example.net,27
121,Jessica West,stevenconway@example.net,58
122,Benjamin Garcia,rossbrenda@example.com,38
123,Mr. Ralph Rose,rebeccagonzales@example.com,79
124,Daniel Smith,seth71@example.com,91
125,Andre Sellers,wrodriguez@example.com,95
126,Stephanie West,polson@example.org,87
127,Michelle James,jamiefox@example.com,10
128,Louis Oconnor,barbara32@example.org,96
129,Andrew Lawrence,qhicks@example.com,31
130,Mary Tucker,thomas51@example.com,73
131,Danielle Bernard,amy28@example.com,94
132,Malik Williams,bridget11@example.org,100
133,James Austin,nathanieldavis@example.net,83
134,Heather Lewis,rebecca88@example.com,11
135,Matthew Meadows,laurenmorton@example.org,57
136,Taylor Walker,oliverjoseph@example.com,42
137,Steven Wilson,amy38@example.net,63
138,Dennis Wright,jenniferdelgado@example.com,57
139,Chase Tucker,jason80@example.org,88
140,Amanda Young,uward@example.com,25
141,Sarah Mitchell DDS,alvarezsusan@example.com,38
142,Julia Horton,anthony07@example.net,71
143,Tyler Love,jeffreymoore@example.org,31
144,Sharon Coleman,juliesmith@example.org,51
145,Derek Rojas,crawfordaaron@example.com,96
146,Albert Thompson,lindseyerickson@example.com,37
147,Shannon Mendoza,michael14@example.com,8
148,Jennifer Wright,dylan81@example.org,54
149,Stephanie Fitzgerald,josephwright@example.org,72
150,Alison Bailey DVM,williamsmary@example.org,85
151,Timothy Flores,ndavis@example.net,23
152,Carla Moore,amyadams@example.org,6
153,Karl Harris,david55@example.com,80
154,Frances Sawyer,thomas02@example.org,37
155,Brianna Booth,shirleypeters@example.org,88
156,Emily White,rebekah16@example.org,67
157,Michael Vasquez,deborah18@example.com,71
158,Corey Branch,christinevaldez@example.org,5
159,Donald Hines,douglas74@example.org,70
160,Carl Reyes,brittany19@example.com,38
161,Lindsey Juarez,martinkevin@example.com,33
162,Keith Adams,sandra35@example.org,77
163,Debra Glass,william53@example.org,71
164,Kenneth Drake,monicahayes@example.net,12
165,Erika Miller,yhernandez@example.com,48
166,Cassandra Parker,fmiller@example.com,71
167,Laura Hughes,omedina@example.org,55
168,Kimberly Evans,robinthomas@example.org,66
169,Michelle Richardson,ronald33@example.org,63
170,Elizabeth Johnson,henryjill@example.net,71
171,Mary Simpson,smithmegan@example.com,19
172,Joseph Smith,gonzalezmercedes@example.com,27
173,Susan Gutierrez,micheleclark@example.org,86
174,Tara Barker,sstanton@example.org,9
175,Robert Burton,aroach@example.com,71
176,Beth Hubbard,lawrence08@example.org,23
177,Robert Fleming,moodymelissa@example.com,95
178,Kevin Anderson,annette52@example.org,8
179,Manuel Reese,lesliesilva@example.net,21
180,Dr. Rachel Harris,lori81@example.net,100
181,Kenneth Walker,dhughes@example.org,7
182,Caleb Gallagher,elizabethfuller@example.org,62
183,Rachel Kennedy,ujones@example.org,77
184,Janice Ruiz,smoore@example.net,87
185,Jessica Harvey,michaelmiller@example.com,8
186,Sonya Mendoza,khill@example.org,5
187,Donald Morris,dstark@example.com,13
188,Jose Lucas,nelsonalan@example.org,79
189,Dillon Kirby,brandon91@example.net,16
190,Victoria Martinez,justin22@example.net,79
191,Richard Jenkins,millskelli@example.net,12
192,Jill Allen,imiranda@example.net,89
193,Mrs. Jennifer Ferguson,michael98@example.org,43
194,Benjamin Wade,claydan@example.org,87
195,David Spence,stacy78@example.com,73
196,Brittany Holt,lopeznicole@example.net,41
197,Lisa Jones,nbenson@example.com,3
198,Jonathan James,craiganderson@example.com,7
199,Tyler Jackson,moranjacqueline@example.com,84
200,Joseph Roberts,qwatkins@example.com,15
201,Tyler Lopez,victoriagardner@example.net,72
202,Jennifer Patel,duranrobert@example.com,50
203,Mark Harvey,mary63@example.org,5
204,Anthony Maxwell,linda09@example.org,45
205,Michael Hancock,rburke@example.com,39
206,Andrea Barnes,horneian@example.org,97
207,Anthony Bright,james11@example.org,6
208,Scott Davis,browe@example.net,81
209,April Parker,jacob46@example.net,23
210,Stephanie Aguirre,pricestephanie@example.com,69
211,David Allen,meyercharlotte@example.com,8
212,Nicholas Chambers,whitney88@example.com,72
213,Patricia Crawford,michaelnelson@example.com,44
214,Melissa Sanchez,carterdarryl@example.net,72
215,Patricia Singh,matthewalexander@example.net,4
216,Linda Brown,scottjennifer@example.com,45
217,Erica Murphy,sharistevens@example.net,73
218,Nicole Collins,dadams@example.com,19
219,Louis Foster,johnford@example.net,48
220,Jamie Williams,heathermitchell@example.com,84
221,Colin Burgess,johnvasquez@example.org,87
222,George Huber,kristybaker@example.net,47
223,Jacob Zimmerman,dustin61@example.org,41
224,Scott Fuller,stephen97@example.com,95
225,Michelle Hinton,danielgray@example.com,46
226,Lee Payne,pinedadebra@example.com,84
227,Todd Lopez,lee16@example.net,75
228,Laura Wilson,alexander99@example.com,50
229,Eric Harris,ocline@example.org,51
230,Jason Rodriguez,tammysimpson@example.com,95
231,Juan Walker,reneehenry@example.com,71
232,Mr. Kyle Johnson,jacobthompson@example.org,80
233,Robert Taylor,caitlinlittle@example.org,93
234,Christopher Collins,janet27@example.net,24
235,David Salazar,vanessa29@example.org,92
236,Nina Hopkins,mchapman@example.com,46
237,Bryan Murphy,williamsonleslie@example.com,15
238,Kayla Porter,jthomas@example.net,8
239,Renee Jones,ashleymeyer@example.com,79
240,David Hamilton,jason67@example.net,98
241,Jamie Woods,raymondmcdonald@example.net,16
242,John Fernandez,uvaldez@example.com,90
243,Kimberly Gray,rickeybrown@example.net,93
244,Christine Garcia,rebecca08@example.com,19
245,Kelly Hooper,andrew13@example.com,25
246,Michelle Paul,billycarpenter@example.net,63
247,Dean Hudson,markvazquez@example.com,3
248,Randy Wright,jblake@example.com,79
249,Mr. Lawrence Mitchell,katelyn77@example.net,37
250,Kristen Bennett,warrenlinda@example.net,60
251,Philip Flowers,cantukyle@example.org,23
252,Shannon Hanson,william03@example.com,86
253,Melody Harris,wardanita@example.org,59
254,Kimberly Ellis,rachelnewton@example.org,93
255,Richard Stewart,campbelljulia@example.com,90
256,Elizabeth Lara,richardanderson@example.net,9
257,Darius Powell,james86@example.com,71
258,Zoe Gonzalez,ycalderon@example.net,95
259,Jeffrey Perry Jr.,mbrown@example.org,83
260,Preston Baker,scott16@example.net,96
261,Ryan Drake,gpierce@example.net,10
262,Barbara Beltran,jonathanowens@example.net,75
263,Angela Ryan,delgadobrian@example.com,37
264,Crystal Best,keithflores@example.com,68
265,Jamie Miller,peterrogers@example.net,53
266,Robert Smith,robertdowns@example.org,40
267,James Casey,onealjames@example.com,7
268,Miss Courtney Zhang,davidthornton@example.org,71
269,John Camacho,kevinsmith@example.net,23
270,Jill Dawson,kmorris@example.net,70
271,Joseph Nelson,liumark@example.org,15
272,Hannah Cole,michaellewis@example.net,90
273,Brianna Flores,charles42@example.com,43
274,Vincent Cruz,evansdanielle@example.org,60
275,Omar Yates DVM,burnettpaul@example.net,82
276,Kimberly Nicholson,tanyahodge@example.com,2
277,Robin Thompson,lisa82@example.org,75
278,Joseph Castillo,brendabradshaw@example.com,35
279,Katelyn Mooney,sean28@example.org,2
280,Charles Hall,brianmiller@example.org,35
281,Tiffany Spencer,jessicadonovan@example.net,4
282,Todd Wolfe,umarsh@example.net,86
283,Amy Anderson,melissamurphy@example.com,5
284,John Chapman,jdavidson@example.com,74
285,Ronald Reyes,william00@example.com,35
286,Justin Evans,jennifersimmons@example.org,2
287,Lori Johnson,vjones@example.net,45
288,Ashley Pugh,smithtanya@example.com,27
289,Maria Duffy,hicksryan@example.com,30
290,Sean Lam,janicedecker@example.org,66
291,Christine Gibbs,lloydmegan@example.com,69
292,Matthew Paul,hsimmons@example.net,79
293,Zachary King,justin06@example.com,88
294,Toni Porter,rogerolson@example.org,62
295,Sarah Harper,angelicaware@example.net,59
296,Angel Robinson,margaret25@example.net,76
297,Heather Mullins,daniel57@example.com,73
298,Christopher Bates,stevenstanley@example.com,34
299,Tyler Tate,james81@example.net,37
300,Bruce Pittman,susanrogers@example.net,95
301,Kimberly Rodgers,james13@example.net,11
302,Brandy Johnson,joan90@example.com,28
303,Ms. Jordan Montes MD,mary28@example.com,96
304,Jason Lane,richard77@example.com,32
305,Melissa Dawson,bruce75@example.com,19
306,Mary Jones,dean49@example.com,4
307,Alex Murphy,yhart@example.net,17
308,Kayla Stevens,hallsandra@example.com,50
309,Sharon Glover,ericjones@example.org,15
310,Teresa Williamson,ann14@example.com,85
311,Michael Allen,michaelpowell@example.org,63
312,Justin Griffin,lberg@example.net,84
313,Stacy Tyler,stacy00@example.net,4
314,Marcus Johnson,frankdurham@example.org,26
315,Beth Brewer,katrina05@example.com,64
316,Anthony Weaver,stevenhodges@example.com,19
317,Michael Sanchez,villarrealjill@example.org,44
318,Carol Yang,candicemitchell@example.org,75
319,Caitlin Smith,cheryljohnson@example.org,48
320,Jose Malone,sdavis@example.org,75
321,Kelsey Wang,butlerdiana@example.org,74
322,Barbara Meyer,anthonymerritt@example.org,21
323,Kimberly Martinez,bsnyder@example.org,73
324,David Morales,richardreynolds@example.org,11
325,Julie Ramirez,christopherrichardson@example.net,3
326,Elizabeth Cooke,jenniferboyd@example.net,38
327,Tabitha Taylor,anthony56@example.org,4
328,Gregory Reyes,nadkins@example.org,27
329,Rachel Choi,amy00@example.org,24
330,Tammy Bautista,sanchezkenneth@example.org,93
331,Devon Butler Jr.,cindydougherty@example.com,61
332,Amy Miller,bschultz@example.net,34
333,Jennifer Peters,gsmith@example.org,68
334,Jody Padilla,dmorales@example.com,55
335,Timothy Knight,meghan14@example.org,25
336,Scott West,steve75@example.org,63
337,Kelsey Martinez,josephschwartz@example.org,33
338,Matthew Sanchez,samuelsummers@example.net,9
339,Jason Sampson,ywise@example.net,84
340,Grant Stewart,walkerjames@example.com,40
341,Shannon Melendez,natalie00@example.com,42
342,Donna Smith,callahanmichaela@example.net,35
343,Michael Simpson,carpenterluis@example.com,78
344,Rebecca Hicks,mark41@example.com,3
345,Shelby Bryant,ysalazar@example.org,100
346,Melissa Rhodes DDS,brandoncoleman@example.net,55
347,Omar Nash,iyu@example.net,48
348,Jorge Wood,lindadavis@example.org,19
349,Craig Reyes,vmason@example.com,67
350,Shannon Smith,jeffery38@example.com,34
351,Kristen Morales,hromero@example.com,18
352,Carol Kelly,gina79@example.org,67
353,Fernando Shah,lindsey20@example.org,42
354,Kyle Brown,vgomez@example.org,21
355,Susan Hill,usimon@example.com,83
356,Benjamin Harris,barrtimothy@example.net,41
357,Nicholas Anderson,normaowens@example.com,37
358,Donald Williams,cheyennevalentine@example.com,27
359,Courtney Rogers,amartin@example.org,52
360,Mr. Matthew Owens,davistiffany@example.net,73
361,Dawn Reese,ocurtis@example.org,62
362,Regina Ortiz,willisleslie@example.net,11
363,David Proctor,claudiamartinez@example.org,56
364,Jamie Reed,dillonmatthews@example.net,91
365,Bryan Perry,duanenewton@example.com,44
366,Anna Turner,brandon75@example.net,85
367,Carolyn Carpenter,samanthamills@example.net,87
368,Andrew Walker,henrywoods@example.org,80
369,Julia Costa,rachelking@example.com,19
370,Carrie Butler,rodriguezjeffrey@example.net,72
371,Megan Pierce,nichole79@example.org,53
372,Nicholas Frank,duranpatricia@example.com,33
373,Allison Jefferson,tbaxter@example.org,35
374,Margaret Bright,garrettjulie@example.net,71
375,Greg Thompson,wpratt@example.net,100
376,Nathan Rojas,ramirezraymond@example.com,83
377,Tina Miller,george83@example.com,23
378,Charles Wu,harrypineda@example.net,13
379,Amanda Mccormick,mhansen@example.com,26
380,Jo Parker,jwalker@example.net,97
381,John Romero,hgray@example.org,73
382,Margaret Navarro,castillothomas@example.org,70
383,Daniel Harrell,michaelgray@example.org,25
384,Aaron Lamb,ellenjones@example.org,69
385,Amanda Gordon,barkerdiana@example.org,24
386,Alyssa Kennedy,emilyscott@example.com,88
387,Shannon Nelson,elizabeth72@example.com,60
388,Roy Oneal,kwong@example.org,87
389,Melissa Anderson,angelmartinez@example.com,66
390,Emily Johnson,todd91@example.org,29
391,Alejandro Morales,westalexa@example.org,92
392,Tiffany Gibson,angela21@example.com,34
393,Stephanie Frederick MD,davidsanders@example.net,7
394,Dr. Erica Reese,nicholas03@example.com,70
395,Alexandra Robinson,pennybaker@example.com,77
396,Scott Walker,gpena@example.com,63
397,Jason Reynolds,fryepaul@example.com,83
398,Zachary Mckee,daniellethomas@example.com,55
399,Tony Logan,nortonnicholas@example.org,35
400,Ryan Small,qthompson@example.org,17
401,Kari Richardson,abigailhopkins@example.org,68
402,Angela Johnson,martinezlori@example.org,89
403,Phillip Bradley,kshepherd@example.org,67
404,Brandon Lozano,robert68@example.org,35
405,Jane Le,amanda05@example.com,80
406,Andrea Short,zmurphy@example.org,61
407,Kimberly Price,rickey60@example.net,94
408,Jennifer Manning,jamesbarnes@example.net,98
409,Erin Gomez,annmadden@example.net,19
410,Alexander Griffith,jameslevine@example.net,8
411,Jordan Petty,ogrant@example.com,56
412,Richard Short,xfinley@example.org,86
413,Alejandro Foster,karenjohnson@example.net,62
414,Corey Zhang,alexisgibson@example.org,13
415,Eric Parsons,johnsonmary@example.com,51
416,Karen Miller,hgreen@example.com,79
417,Sara Cannon,jameszhang@example.com,78
418,Troy Jones,harveyheidi@example.com,86
419,Sarah Wallace,shannonrangel@example.org,13
420,Joseph Schultz,sharonevans@example.org,80
421,Jeremy Hudson,randolphbrett@example.com,96
422,Courtney Washington,kaitlyncook@example.com,4
423,Mrs. Samantha Gallagher,xwest@example.org,74
424,Caleb Smith,christinecohen@example.org,76
425,Brett Blankenship,dwilliams@example.net,96
426,Jessica Herrera,carterkatherine@example.org,98
427,Keith Perez,powellrobert@example.org,5
428,Elizabeth Haley,stephencooper@example.com,89
429,Christopher Harrison,dmorgan@example.com,65
430,Julian Johnson,bbean@example.org,51
431,Dawn Stevens,dmorgan@example.net,55
432,Nathan Jimenez,kyle13@example.com,60
433,Christian Wright,mannmanuel@example.net,7
434,Julia Nguyen,jessicavillanueva@example.net,18
435,Daniel King,debbie99@example.org,75
436,Theresa Patel,matthewjackson@example.com,95
437,Christopher Dawson,rachellawson@example.net,81
438,Stephanie Jennings,rogersjustin@example.org,86
439,John Savage,thomas21@example.net,67
440,Charlotte Bowers,nancy07@example.org,42
441,Jose Fisher,jpadilla@example.org,98
442,Erika Howe,francistaylor@example.net,11
443,Danielle Williams,garrettnash@example.org,17
444,Summer Moreno,brianreyes@example.org,96
445,Daniel Wilson,kyle52@example.net,98
446,Anna House DVM,fdavis@example.org,28
447,Melissa Martinez,victoria38@example.com,87
448,Paul Clarke,zhall@example.org,31
449,Phillip Chapman,kristenbrown@example.net,51
450,Angela Mosley,williamssusan@example.net,88
451,Justin Phillips,wellsian@example.net,21
452,Courtney May,krasmussen@example.net,14
453,Samuel Torres,ellenbailey@example.org,26
454,Cindy Turner,andrew82@example.net,18
455,Kyle Mcconnell,alicia31@example.com,45
456,William Moore,aaronhall@example.net,63
457,Chad Brown,williamsnicholas@example.com,72
458,Brandi Adams,jordansandra@example.org,3
459,Rita Avila,michaelmarshall@example.com,96
460,Stephanie Gibson,jacqueline11@example.com,28
461,Cole Tran,wilsonscott@example.org,66
462,Robert Hill,conniegilbert@example.com,80
463,Heather Clark,ghodge@example.org,15
464,Christie Wright,dyoung@example.com,91
465,Julie Murray,harmontheresa@example.net,58
466,Cheryl Williams,mullenalan@example.org,36
467,April Gonzales,cynthiasantiago@example.com,74
468,Michael Mccarthy,tammymack@example.com,97
469,David Hunt,brian33@example.com,96
470,Stephanie Harrison,tiffany57@example.org,77
471,Amber Wallace,kharris@example.com,84
472,Stephen Pugh,gregjones@example.org,12
473,Jennifer Cruz,bcole@example.com,67
474,Jerry Allen,douglasbates@example.org,85
475,Heidi Torres,wilkersonmadison@example.net,70
476,Rebecca Frye,michael79@example.com,4
477,Gary Thompson,cassandra17@example.com,45
478,Mr. Jesse Frederick,icoleman@example.net,16
479,Tanya Carey,wfuller@example.net,86
480,Virginia Thomas,carneynathan@example.org,78
481,Marie Hill,bill46@example.net,46
482,Vickie Miller,pamelapatel@example.org,41
483,Jacqueline Gray,qbrown@example.com,27
484,Robert Garcia,david70@example.net,81
485,Kimberly Martin,ucombs@example.com,92
486,Timothy Perry,williampruitt@example.net,72
487,Brooke Lopez,kevinjordan@example.org,73
488,Dean Hanson,phillipgilbert@example.net,49
489,Raymond Rodriguez,mgray@example.org,4
490,Nicole Smith,davidchen@example.net,99
491,Christopher Sanford,jessicaschwartz@example.net,56
492,Barbara Walker,amcdaniel@example.org,16
493,Carla Friedman,rmorales@example.org,35
494,James Burns,stephenhudson@example.net,91
495,Amy Jones,ybarrera@example.com,52
496,George Dominguez,slucas@example.com,62
497,Rebecca Harris,burketravis@example.net,57
498,April Johnson,qmiller@example.org,88
499,Edward Jackson,ghill@example.com,38
500,Vanessa Johnson,stacy66@example.com,75
501,Brad Burton,cperry@example.net,10
502,John Lawrence,tranmichael@example.com,9
503,David Hall,richard87@example.org,11
504,Brian Anderson,mercadosamantha@example.net,74
505,Joann Smith,clinesean@example.com,71
506,Julia Carter,chelsea64@example.net,51
507,Jaime Costa,karen16@example.org,75
508,Yvette Miller,wnelson@example.org,35
509,Devin Lindsey,gdavis@example.org,59
510,Amber Robinson,perkinssteven@example.com,57
511,Richard Park,madison24@example.com,20
512,Melissa Johnson,wanderson@example.net,68
513,Susan Nichols,watsonnathan@example.org,43
514,Sarah Smith,zromero@example.net,43
515,Tammy Shelton,ndavis@example.org,12
516,Zachary Wright,sally01@example.net,32
517,Mark Wilkinson,lklein@example.net,8
518,Kathleen Bruce,allentracy@example.com,62
519,Antonio Whitehead,zgillespie@example.com,30
520,Alexis Barnett,josephevans@example.net,85
521,Dr. Jeffrey Harrison,tanderson@example.org,39
522,Sandra Murphy,melinda29@example.com,27
523,Carl Morales,williamsjoel@example.net,7
524,Charles Johnston,alantran@example.com,1
525,John Wade,plee@example.com,86
526,Robert Mason,jamessantiago@example.org,68
527,Mark Weaver,adam98@example.net,58
528,Sara Matthews,mhenderson@example.com,21
529,Alexander Ward,andersonsandra@example.com,91
530,Catherine Cook,xcross@example.net,71
531,Gary Johnson,beckyjackson@example.org,83
532,Kathryn Adams,haynesmichael@example.com,79
533,Diana Bryan,rduran@example.com,4
534,Nancy Mason,eric19@example.com,71
535,Regina Krause,saundersamber@example.net,83
536,Shawn Hernandez,williamsterry@example.net,86
537,Noah Evans,randygutierrez@example.org,63
538,Christopher Ferguson,mia44@example.org,44
539,Lisa Bryan,steve19@example.net,91
540,James Simpson,fnguyen@example.com,61
541,Heather Bishop,karen56@example.com,8
542,Michael Garrett Jr.,angelajames@example.org,46
543,Richard Wallace,mackenzie39@example.com,98
544,Holly Brandt,jmartin@example.net,77
545,Samuel Jones,graykristen@example.com,32
546,Keith Mccoy,bobbyrowe@example.com,28
547,James Hall,warnermark@example.com,60
548,Mary Daugherty,garciawilliam@example.net,60
549,Brian Cummings,erica73@example.net,33
550,Jack Lee,harringtontracey@example.org,57
551,Danny Sloan,smithclifford@example.org,97
552,Robert Sandoval,sarah38@example.net,98
553,Michael Knox,barbara33@example.com,85
554,Carrie Higgins,iday@example.com,23
555,Elizabeth Singleton,stephenwallace@example.com,38
556,Penny Adams,qthomas@example.com,62
557,Jacqueline Spence,klawrence@example.org,14
558,Stephen Fuller,bethanyellis@example.com,6
559,Margaret Smith,gabriella74@example.org,34
560,Kevin White,perezricky@example.com,53
561,Kimberly Melendez,zgaines@example.org,63
562,Ashlee Walker,ymoore@example.com,97
563,Michael Pineda DDS,brobles@example.net,68
564,Aimee Schaefer,cwade@example.org,27
565,Roberto Hall DVM,lwatkins@example.com,83
566,James Francis,dorothydean@example.com,31
567,Colleen Murphy,gmiles@example.org,47
568,Samuel Gonzalez,amber41@example.com,85
569,Amanda Walker,tina79@example.com,91
570,Lydia Greene,krystalmercer@example.net,99
571,Lori Brown,pburns@example.net,73
572,Bobby Willis,jasonphillips@example.com,57
573,Kevin Navarro,smithsteven@example.org,18
574,Richard Davis,brent61@example.com,63
575,Robert Frost,xgarcia@example.org,70
576,Ryan Thomas,utaylor@example.org,27
577,Karina Melton,schmidtlisa@example.org,6
578,Lori Wallace,craignathan@example.net,15
579,Jonathan Phillips,amypalmer@example.net,86
580,Nicole Hall,angelicahardy@example.org,16
581,Pamela Miller,tarcher@example.net,90
582,James Navarro,michellefrank@example.org,23
583,Hannah Boone,jennifer00@example.net,98
584,Kathleen Hickman,steven04@example.org,54
585,Timothy West,john47@example.com,27
586,Kristen Brooks,estradamichael@example.org,78
587,Matthew Smith,isaaccunningham@example.com,90
588,Cameron Flores,dawn85@example.net,45
589,Stuart Smith,sheilapearson@example.net,79
590,Brenda Fleming,michaellin@example.com,35
591,Michael Williams,sramsey@example.org,59
592,Andrew Rojas,davidmitchell@example.com,60
593,Lauren Rogers,johnstonbrittany@example.org,46
594,Nathan Conley,pattypetty@example.org,48
595,Jennifer Perez,george55@example.com,80
596,Steven Malone,craigwood@example.net,3
597,David Shea,janice14@example.net,62
598,Willie Brock,uwilliams@example.org,6
599,Todd Hill,sestrada@example.com,61
600,Michael Weeks,zjohnson@example.net,64
601,Heather Fletcher,thomas23@example.com,99
602,Terri Rogers,thomascheryl@example.net,74
603,Mrs. Elizabeth Wallace DDS,amanda40@example.org,74
604,Nicholas Houston,hunter73@example.com,34
605,Anthony Hansen,richardphillips@example.com,69
606,Mr. Mark Pitts PhD,bryan90@example.com,24
607,Samuel Benson,yharding@example.org,35
608,Tiffany Avila,alicia27@example.net,11
609,Colin Wallace,devoncastro@example.org,45
610,Ruth Thomas,tracy24@example.net,35
611,Sheri Michael,levi72@example.org,94
612,Robin Wang,hayesmargaret@example.net,85
613,Jesse Nelson,rmiller@example.com,36
614,Andrew Cruz,gracegregory@example.org,44
615,Scott Anderson,mcombs@example.org,51
616,Elizabeth Harper,rhondahunt@example.net,4
617,Joseph Holland,hlyons@example.com,75
618,Mr. Stephen Kaufman DVM,fthomas@example.org,65
619,Michelle Curry,murphytaylor@example.com,32
620,Timothy Smith,watkinsmartin@example.com,48
621,Ashley Callahan DDS,joshua39@example.net,86
622,Melissa Hall,rebecca59@example.org,87
623,Jenny Pineda,cruzdavid@example.org,74
624,Christopher Jones,cvalencia@example.com,87
625,Mary Matthews,nicholas88@example.org,34
626,Donna Vaughn,meganrodriguez@example.org,58
627,Emily Warren,ashley47@example.org,14
628,John Pierce,adrian96@example.org,54
629,Scott Knight,carterdonald@example.com,99
630,Dana Lara,brittanykrueger@example.org,56
631,Dean Smith,asampson@example.org,29
632,Sydney House,ehayes@example.org,26
633,Jocelyn Evans,hhendrix@example.org,62
634,Mark Garcia,mcguirejennifer@example.org,32
635,Justin Velasquez,cuevasjoshua@example.com,72
636,Jessica Buck,johnny31@example.net,35
637,Monica Carrillo,jason63@example.com,98
638,Brianna Fisher,jon58@example.com,11
639,Scott Estrada,lindawalker@example.net,94
640,Tracy Bernard,powersdaniel@example.net,91
641,Ann Cooper,uwilliams@example.net,1
642,Brendan Johnson,dean13@example.net,79
643,Benjamin Michael,masonjones@example.com,76
644,James Ward,destiny66@example.net,5
645,Erik Orr,joshua53@example.net,39
646,Jessica Mclean,tkane@example.com,51
647,John Ford,ile@example.com,48
648,Chelsea Nguyen,hsmith@example.net,13
649,Jeremy Thompson,jordan22@example.com,66
650,Elizabeth Miller,prandolph@example.com,28
651,Jerry White,whardy@example.net,57
652,Nicholas Morris,vincentmartin@example.org,68
653,Richard Moreno,cynthia98@example.org,3
654,Daniel Williams,michaelwhitaker@example.net,100
655,Amy Beck,amberjones@example.com,18
656,Taylor Steele,williamstimothy@example.net,91
657,Kaitlyn Guzman,sarah95@example.net,12
658,Brianna Vega,smithkaitlyn@example.com,33
659,Brianna Garza,justinmccoy@example.org,73
660,Angela Silva,johnsonjennifer@example.net,49
661,Devin Riley,julie14@example.org,78
662,Jose Lyons,bakerlance@example.org,28
663,Carrie Robbins,sheilatorres@example.org,94
664,Jonathon Roy,markdurham@example.com,12
665,Jennifer Ramos,irodriguez@example.com,58
666,Veronica Carter,kevinkennedy@example.net,41
667,Eric Ingram,stewartcaroline@example.net,43
668,Marcus Bailey,jasonrobinson@example.net,29
669,Jacob Mendoza,fcalhoun@example.net,59
670,Lisa Brown,penningtonjoshua@example.net,42
671,Brian Rodriguez,daniel02@example.com,12
672,Nicholas Mercado,michael11@example.com,32
673,Robert Jensen,ucarter@example.org,69
674,Ashley Mcdonald,grossgene@example.net,33
675,Christopher Hughes,nguyenmaria@example.net,2
676,Casey Murphy,joshua88@example.net,63
677,Michael Thompson,julia57@example.net,81
678,Lisa Payne,jyoung@example.net,48
679,Michelle Freeman,morganamanda@example.com,13
680,Jennifer Berry,nicole70@example.net,21
681,Jared Robles,john64@example.com,26
682,James Ramirez,bryan48@example.org,33
683,Warren Li,cbowen@example.com,79
684,Linda Hernandez,cruztracy@example.org,100
685,David Kline,ashleysanchez@example.org,26
686,Natalie Kerr,victoria55@example.com,88
687,Alyssa Perez,lloydderek@example.org,24
688,John Hall,ufitzgerald@example.net,51
689,Angel Cowan,christopher89@example.net,71
690,Adam Cannon,timothycooley@example.org,10
691,Donald Johnson,ymorrison@example.net,91
692,Vicki Lucas,lsullivan@example.org,3
693,Kristina Green,dylangarrett@example.net,61
694,Gregory York,elizabethmartinez@example.net,35
695,Thomas Hansen,wandamorales@example.com,47
696,Jeremy Diaz,frederick13@example.com,84
697,Kenneth Cruz,ylarson@example.com,77
698,Dennis Davis,rosalesrobert@example.net,96
699,Amber Ramirez,gescobar@example.net,72
700,Steven Deleon,emoreno@example.org,10
701,Adriana Park,austin62@example.net,61
702,David Taylor,aknight@example.net,17
703,Michael Hernandez,wgibson@example.org,74
704,Nicholas Lowe,nibarra@example.net,19
705,Jacqueline Nelson,elizabethramirez@example.net,84
706,John Benton,qwilliamson@example.org,58
707,Dakota Scott,harrisevan@example.net,14
708,Richard Lee,kmurillo@example.org,91
709,Lauren Nunez,caitlyn86@example.org,38
710,Gerald Giles,oliverjason@example.net,62
711,Kaylee Stevens,hannah29@example.com,2
712,Rebecca Becker,vegakristin@example.net,31
713,John Williams,jenniferalvarez@example.com,69
714,Christopher Neal,phillipsalbert@example.com,27
715,Makayla Jackson,gonzalezkelsey@example.net,39
716,Bradley Haley,prattkristen@example.com,24
717,Regina Coffey,cgrant@example.net,50
718,Kenneth Smith,bjenkins@example.net,68
719,Ashley Wood DVM,uduran@example.org,56
720,Latoya West,lisaguzman@example.org,71
721,Shannon Ponce,raymond40@example.org,93
722,James Vincent,kylestevenson@example.org,61
723,Jennifer David,seansanchez@example.com,47
724,Dakota Baxter,ikelley@example.org,92
725,Tina Love,dixonelizabeth@example.org,95
726,Jason Mueller,annacox@example.com,49
727,Michael Nguyen,ayersjonathan@example.net,76
728,Bethany Weber,jenniferlopez@example.net,29
729,Melissa Delgado,hwiggins@example.org,58
730,Erika Hester,donna51@example.com,64
731,David Warren,amy02@example.com,53
732,Arthur Arnold,mackjoshua@example.net,6
733,Dustin Patel,moorecatherine@example.org,80
734,Michelle Warner,adamspatricia@example.com,77
735,Joseph Grant,grantadrienne@example.net,89
736,Tyler Bell,tammyjones@example.org,1
737,Raymond Gates,joycejohnson@example.com,71
738,Henry Miller,summersbrian@example.com,70
739,Jill Valdez,christopher81@example.org,36
740,Jennifer Terry,ibrown@example.org,14
741,Corey White,jamiemiller@example.org,27
742,Julie Williams,dgarcia@example.com,65
743,Christopher Conway,nicholasrichardson@example.com,30
744,Matthew Mays,jamesbarry@example.com,75
745,Susan Ramsey,angelreyes@example.net,88
746,Brandon Santiago,charlenewilliams@example.net,35
747,Christopher Schmidt,garciadavid@example.net,37
748,Connor Brown,alyssalee@example.com,42
749,James Fields,adriana97@example.net,76
750,Teresa Mccarty,tcobb@example.org,16
751,Amy Bishop,benjamingraham@example.org,77
752,Anthony Brooks,juanmcclain@example.net,88
753,Melissa Wise,bethdavila@example.net,48
754,Margaret Velazquez,tinamoreno@example.net,24
755,David Rodriguez,nicholeruiz@example.net,23
756,David Haney,erik84@example.net,30
757,Michelle Guerra MD,mguzman@example.org,44
758,Troy Nguyen,phillipsnicolas@example.org,79
759,Kristin Nichols,smartin@example.org,29
760,Mitchell Duncan,anthony40@example.org,7
761,Christina Cobb,martinezmartin@example.com,96
762,Kevin Moran,john19@example.org,79
763,Kristen Grant,mollybridges@example.net,40
764,Jodi Potts,omendez@example.org,36
765,Dr. Annette Williams,greenelizabeth@example.org,27
766,Mitchell Wagner,larajacob@example.org,87
767,Mikayla Rodriguez,kimberly52@example.com,99
768,Amy Padilla,lauriecox@example.com,12
769,Anita Esparza,kevin19@example.org,12
770,Tina Grant,zheath@example.com,56
771,Linda Davis,mikeholmes@example.net,48
772,Kevin Parsons V,dsweeney@example.org,49
773,Rachael Hernandez,karen14@example.net,81
774,George Castaneda,darrenthomas@example.org,96
775,Sara Jackson,adamsamber@example.com,95
776,Casey Hill,paulmiranda@example.com,69
777,Justin Reyes,albert75@example.org,69
778,Kayla Kennedy,lauragonzales@example.com,99
779,Mike Hicks,andrewskathryn@example.com,15
780,Pamela Barron,raypope@example.net,100
781,Susan Clay,pagesteven@example.org,33
782,Susan Delacruz,sarahstone@example.org,19
783,Victoria Brewer,twilliams@example.com,43
784,Julie Miller,timothywarren@example.net,84
785,Felicia Harris,guerreromatthew@example.com,25
786,Patrick Rowe,danielcampbell@example.net,76
787,James Gilmore,dwilson@example.com,70
788,Matthew Reed,lisa22@example.com,21
789,Kathy Ward,tatkins@example.net,45
790,Cynthia Blake,rowlandjennifer@example.net,9
791,Brian Clark,hhendrix@example.net,2
792,Rebecca Lyons,hollykrueger@example.com,61
793,Sarah Anderson,jaredwood@example.com,50
794,Daniel Harvey,taylorjoann@example.org,63
795,Scott Hill,lori96@example.org,72
796,Brian Perkins,zharris@example.org,91
797,Kimberly King,wadejoseph@example.com,56
798,Tara Houston,phillipporter@example.net,83
799,Mark Clarke,nsuarez@example.org,71
800,Holly Adams,aimeemurphy@example.org,48
801,Julie Gilmore,thomasrobert@example.net,14
802,Christine Harrington,davidparks@example.net,97
803,David Smith,tinatorres@example.com,49
804,Christine Woods,catherine50@example.net,37
805,Leslie Hodge,baldwinmatthew@example.org,32
806,Angela Brown,brittney62@example.net,67
807,Jeffrey Coleman Jr.,wbarrett@example.net,15
808,Tina Suarez,lbautista@example.com,28
809,Rebecca Perez,kmorales@example.org,34
810,Mr. Cody Larsen,klewis@example.net,43
811,Mitchell Hernandez,catherine05@example.org,3
812,Dennis Stewart,catherine34@example.net,69
813,Mitchell Washington,arthur26@example.com,50
814,Tyler Stephens,stephenbryant@example.org,76
815,Molly Montes,thomasmarshall@example.org,70
816,Thomas Torres,william36@example.net,100
817,Maria Roberts,maria33@example.net,30
818,Lisa Robinson DDS,benjamin73@example.com,34
819,Andrew Bass,april78@example.net,37
820,Cynthia Vargas,tracynichols@example.com,100
821,Maria Brown,morrisonjames@example.com,86
822,Andrew French,jose34@example.net,9
823,Helen Hale,oscarfuller@example.org,29
824,Ashley Ramsey,qalvarez@example.net,71
825,Gabriella Lynch,jesse54@example.org,61
826,Ryan Perez,johnnylarsen@example.org,94
827,Michael Crawford,victoria65@example.com,82
828,Diane Mcdonald,tina90@example.com,63
829,John Robertson,cjones@example.com,70
830,Mary Mason,johnjackson@example.org,81
831,David Wallace,joseph13@example.net,55
832,Brendan James,isaacwright@example.org,16
833,Patricia Moore,maryparker@example.org,68
834,Brent Jordan,alvarezjeffrey@example.net,74
835,Mark Lopez,lbanks@example.org,95
836,Diane Hughes,brucesmith@example.org,14
837,Adam Kline,brooke46@example.com,57
838,Richard Miller,jessicacarter@example.com,95
839,Benjamin Cole,mark82@example.net,62
840,Miss Karen Patton,joseph09@example.org,84
841,Sarah Hall,lreyes@example.org,91
842,Mrs. Cassidy Larsen,latoya75@example.org,84
843,Francisco Griffin,moorehector@example.com,55
844,Brenda Smith,buchananjohn@example.com,8
845,Jade Matthews,udowns@example.org,38
846,Miguel Morse DDS,kaitlynruiz@example.net,21
847,Wayne Barker,estestimothy@example.org,35
848,Cheryl Sullivan,cindyreed@example.com,7
849,Emily Turner,wrightrobert@example.net,46
850,Tommy Lee,lcompton@example.org,86
851,James Johnson,caleb90@example.net,33
852,Catherine Carney,chenlee@example.com,51
853,Deborah Massey,stacey57@example.org,13
854,Joseph Mcgee,hschneider@example.net,15
855,Kelly James,andrew00@example.net,85
856,Vanessa Gonzalez,brownlaura@example.org,74
857,Frank Bell,joseph15@example.com,9
858,Erin Rice,mburch@example.com,97
859,Christopher Rogers,francissean@example.com,13
860,Laurie Swanson,crystalrodriguez@example.net,12
861,Kathleen Church,kschmidt@example.org,31
862,Roger Harris,matthewbrewer@example.com,37
863,Emily Rodriguez,jacqueline36@example.net,21
864,Ivan Preston,andersenlori@example.com,8
865,Stacie Garza,nguyenshannon@example.com,87
866,Kelly Bailey,richardweber@example.com,42
867,Sarah Martinez,michaelcook@example.net,58
868,Jeremy Glover,randallnatalie@example.net,77
869,Mary Moody,eruiz@example.net,6
870,Taylor Clark,kristen67@example.org,55
871,Renee Hawkins,mallen@example.com,19
872,Katie Flores,markmcknight@example.net,43
873,Ms. Kara Norton MD,christopher72@example.com,92
874,Olivia Wilson,gregory80@example.net,57
875,John Johnson,sphillips@example.com,80
876,Felicia George,erica86@example.org,88
877,Michael Baker,lisaramos@example.net,17
878,Christina Sutton,hernandeznathan@example.org,50
879,Teresa Walker,joe86@example.com,14
880,Daniel Ewing PhD,johnsondavid@example.org,23
881,Robert Young,timothyharding@example.net,95
882,Tammy Hall,dean64@example.com,73
883,Kevin Maynard,jamie48@example.org,78
884,Michael Jones,robertgarrison@example.org,91
885,Joshua Porter,huntchristine@example.com,48
886,Julie Wise,lolson@example.org,43
887,William Avery,vbennett@example.com,8
888,Isaac Scott,brandon57@example.org,74
889,James Ferrell MD,seth32@example.net,44
890,Nathan Miller,wlee@example.com,66
891,Michele Edwards,tharrell@example.net,4
892,Candice Chaney,jeffreystone@example.org,6
893,Savannah Smith,debbie92@example.org,79
894,Jonathan Peterson,michaeltodd@example.org,5
895,Michael Fisher,emilydavis@example.net,59
896,Heather Douglas,kaylabrown@example.com,30
897,Jennifer Williamson,daniel74@example.net,41
898,Jessica Wood,erinwalker@example.com,28
899,Eric Spears,daniel89@example.com,43
900,Mark Powell,ethan11@example.org,10
901,Susan Arellano,richardclayton@example.net,57
902,Cheryl Gray,melissa96@example.net,66
903,Rachel Herrera,rhowell@example.org,32
904,Alexandria Rivera,antoniolopez@example.net,67
905,Robin Craig,bvaughn@example.net,59
906,Robert Jones,millerbrandon@example.net,84
907,Antonio Lee,hollycarter@example.net,30
908,Larry Spencer,davisaaron@example.org,2
909,Joshua Lane,cindypruitt@example.org,36
910,Annette Jordan,mistyhuerta@example.com,12
911,Michelle Conway,john74@example.org,3
912,Kathryn Bennett,wwood@example.net,15
913,Kristen Morris,korr@example.org,48
914,Ricky Beck,michaelwest@example.net,93
915,Kimberly Williams,tmiller@example.org,38
916,Kimberly Smith,alexander26@example.net,14
917,Elizabeth Brown,samanthapark@example.org,65
918,Leslie Hughes,sarajohnson@example.com,50
919,Diane Martinez,burnskathleen@example.net,18
920,Priscilla Castillo,sarah86@example.org,8
921,Melanie Gates,jerrywilkinson@example.net,88
922,Maurice Hamilton,halljohnathan@example.net,40
923,Katherine Valdez,annruiz@example.com,70
924,Bobby Thompson,palmertrevor@example.com,48
925,Tony Schmidt,joshuahudson@example.net,85
926,Jeffrey Ward,bmills@example.net,33
927,Diane Hernandez,alan70@example.net,34
928,Stephen Cox,rhoward@example.com,68
929,Lucas Taylor,tcastaneda@example.net,85
930,Jennifer Cunningham MD,cdouglas@example.net,93
931,Tina Decker,sheltonjulie@example.com,59
932,Cynthia Ramirez,dmcdonald@example.org,46
933,Tim Robles MD,nroy@example.org,8
934,Timothy Romero,dhumphrey@example.org,20
935,Vickie Townsend,xvilla@example.net,89
936,Bradley Reyes,christopher42@example.com,42
937,Craig Burch,mariataylor@example.org,1
938,Rick Love,urivera@example.com,10
939,David Ruiz,nguyenmargaret@example.com,24
940,Danielle Herman,gwilliams@example.com,96
941,John Scott,yjackson@example.com,13
942,Breanna Frye,mgill@example.com,4
943,Jaclyn Cox,cindy24@example.org,64
944,Hannah Hall,barneskimberly@example.net,48
945,Erik Lewis,mezaronald@example.com,3
946,Dr. Terry Warner,nathandavidson@example.net,82
947,Tyler Reed,jennifer82@example.org,52
948,Brian Jones,heathermclaughlin@example.org,86
949,Darrell Mills,morganashley@example.net,31
950,Sandy Bolton,anthony51@example.com,4
951,Valerie Perez,ysmith@example.com,80
952,Joseph Atkins,brownralph@example.net,69
953,Andrew Scott,nicolecoleman@example.net,70
954,Stephanie Short,scottosborne@example.com,99
955,Barbara Baker,brucecassandra@example.net,34
956,Lisa Thompson,chase57@example.org,75
957,Rebekah Byrd,ajones@example.net,81
958,Jonathon Barnes,deanna72@example.com,71
959,Randy Robinson,barryjackson@example.net,86
960,Jeffrey Lewis,roybyrd@example.org,92
961,Anne Ruiz,steven58@example.com,98
962,Annette Edwards,thompsonrobert@example.com,69
963,Joseph Stevens,smithvictor@example.net,18
964,Cindy Higgins,kimberlyramirez@example.com,96
965,Glenn Robinson,sanchezcarrie@example.net,32
966,Matthew Long,ortizjason@example.com,60
967,Mr. Anthony Larson DDS,cooperlindsey@example.net,30
968,Yolanda Eaton,dawn43@example.com,75
969,Zachary Howard,brian54@example.net,94
970,Gabrielle Green,hhogan@example.com,28
971,Scott Dougherty,pbell@example.com,40
972,James Orozco,kristi48@example.org,3
973,Sheila Lyons,greenedavid@example.net,29
974,Lisa Palmer,leemichael@example.net,13
975,Danielle Burgess,derekmartinez@example.net,43
976,Travis Hall,vphillips@example.net,17
977,Thomas Martinez,millereric@example.org,18
978,Susan Barron,jenniferdavis@example.com,27
979,Corey Gonzalez,christopher88@example.net,37
980,Lisa Page,matthewbooth@example.org,74
981,Mario Luna,michaelscott@example.net,19
982,Gabriel Gray,carlawhite@example.org,88
983,David Jenkins,karenbrown@example.org,84
984,Ronald Griffith,carolinekhan@example.net,82
985,Melissa Parks,smithjeremy@example.net,19
986,Danielle Scott,velezamy@example.org,8
987,Miss Tami Ramirez,silvaleon@example.com,90
988,Teresa Farrell,jimmyhall@example.net,63
989,Shannon Lynch,davisallison@example.com,32
990,Gina Ruiz,aarondalton@example.org,50
991,Nathan Garrett,lrangel@example.net,74
992,Thomas Kelly,alyssa03@example.com,28
993,Elizabeth Jones,sstrickland@example.net,71
994,Lisa Elliott,glyons@example.com,49
995,Kimberly Davis,icarter@example.org,98
996,Carolyn Smith,horneashley@example.net,81
997,Emily Miller,freystephanie@example.com,76
998,Andrew Washington,deanna63@example.com,49
999,James Mitchell,fwillis@example.com,49
1000,Erin Vargas,dryan@example.net,26
